"Date","Price","Open","High","Low","Vol.","Change %"
"Mar 15, 2021","56,900.0","58,755.0","61,255.0","54,915.0","10.37K","-4.45%"
"Mar 14, 2021","59,550.0","57,180.0","61,252.5","57,180.0","-","4.34%"
"Mar 12, 2021","57,075.0","58,365.0","58,725.0","55,380.0","7.97K","-1.52%"
"Mar 11, 2021","57,955.0","56,980.0","58,390.0","54,685.0","7.79K","2.36%"
"Mar 10, 2021","56,620.0","54,530.0","57,815.0","53,430.0","7.10K","3.47%"
"Mar 09, 2021","54,720.0","51,995.0","55,265.0","51,895.0","5.57K","4.94%"
"Mar 08, 2021","52,145.0","50,580.0","52,425.0","49,500.0","7.53K","1.39%"
"Mar 07, 2021","51,430.0","49,372.5","51,957.5","49,372.5","-","3.78%"
"Mar 05, 2021","49,555.0","48,125.0","49,745.0","46,295.0","8.93K","2.58%"
"Mar 04, 2021","48,310.0","50,970.0","52,190.0","47,425.0","11.80K","-5.09%"
"Mar 03, 2021","50,900.0","48,035.0","53,000.0","47,955.0","6.34K","6.44%"
"Mar 02, 2021","47,820.0","49,425.0","50,550.0","47,245.0","5.99K","-2.15%"
"Mar 01, 2021","48,870.0","45,500.0","49,985.0","45,150.0","7.20K","7.35%"
"Feb 28, 2021","45,522.5","45,700.0","46,125.0","45,160.0","-","-3.15%"
"Feb 26, 2021","47,001.6","48,165.0","48,300.0","44,270.0","0.75K","-4.31%"
"Feb 25, 2021","49,120.0","48,810.0","52,040.0","48,010.0","7.07K","-0.03%"
"Feb 24, 2021","49,135.0","48,450.0","51,310.0","47,010.0","8.08K","3.09%"
"Feb 23, 2021","47,660.0","54,515.0","54,515.0","44,900.0","18.21K","-11.28%"
"Feb 22, 2021","53,720.0","57,450.0","57,790.0","48,320.0","18.52K","-8.20%"
"Feb 21, 2021","58,520.0","57,920.0","58,580.0","57,920.0","-","5.38%"
"Feb 19, 2021","55,530.0","52,035.0","56,575.0","50,695.0","11.46K","6.09%"
"Feb 18, 2021","52,340.0","52,680.0","53,080.0","51,250.0","8.34K","-0.84%"
"Feb 17, 2021","52,785.0","49,300.0","53,210.0","49,115.0","9.78K","7.89%"
"Feb 16, 2021","48,925.0","49,415.0","51,065.0","45,950.0","15.41K","1.32%"
"Feb 15, 2021","48,287.5","49,000.0","49,490.0","46,005.0","-","-1.47%"
"Feb 14, 2021","49,007.5","48,440.0","49,492.5","48,440.0","-","2.01%"
"Feb 12, 2021","48,040.0","48,000.0","49,500.0","46,500.0","7.53K","1.08%"
"Feb 11, 2021","47,525.0","45,615.0","49,215.0","44,345.0","9.07K","5.81%"
"Feb 10, 2021","44,915.0","47,500.0","48,060.0","43,950.0","9.74K","-5.97%"
"Feb 09, 2021","47,765.0","45,210.0","48,885.0","45,175.0","11.11K","6.73%"
"Feb 08, 2021","44,755.0","39,025.0","45,500.0","38,305.0","14.37K","14.18%"
"Feb 07, 2021","39,197.5","37,875.0","39,457.5","37,875.0","-","3.11%"
"Feb 05, 2021","38,015.0","37,700.0","38,755.0","36,895.0","4.77K","0.26%"
"Feb 04, 2021","37,915.0","37,660.0","39,200.0","36,435.0","6.04K","1.40%"
"Feb 03, 2021","37,390.0","36,015.0","37,790.0","35,740.0","4.81K","3.37%"
"Feb 02, 2021","36,170.0","33,680.0","36,370.0","33,605.0","5.83K","6.38%"
"Feb 01, 2021","34,000.0","33,315.0","35,005.0","32,530.0","6.29K","1.97%"
"Jan 31, 2021","33,342.5","34,232.5","34,330.0","33,060.0","-","-10.47%"
"Jan 29, 2021","37,242.3","33,515.0","38,755.0","32,000.0","-","14.07%"
"Jan 28, 2021","32,650.0","30,640.0","33,355.0","29,860.0","7.27K","3.73%"
"Jan 27, 2021","31,475.0","32,655.0","32,925.0","29,075.0","13.65K","-1.49%"
"Jan 26, 2021","31,950.0","32,665.0","32,845.0","30,800.0","8.49K","-4.46%"
"Jan 25, 2021","33,440.0","32,300.0","34,930.0","32,035.0","8.77K","2.33%"
"Jan 24, 2021","32,680.0","33,617.5","33,617.5","32,420.0","-","-2.68%"
"Jan 22, 2021","33,580.0","30,825.0","33,860.0","28,900.0","12.90K","5.20%"
"Jan 21, 2021","31,920.0","35,200.0","35,740.0","30,930.0","13.37K","-8.89%"
"Jan 20, 2021","35,035.0","36,700.0","36,845.0","33,435.0","9.62K","-4.26%"
"Jan 19, 2021","36,595.0","36,250.0","38,155.0","34,890.0","14.76K","-0.49%"
"Jan 18, 2021","36,775.0","35,915.0","37,637.5","34,875.0","-","2.39%"
"Jan 17, 2021","35,915.0","36,425.0","36,565.0","35,765.0","-","0.81%"
"Jan 15, 2021","35,625.0","39,205.0","39,980.0","34,555.0","14.05K","-10.05%"
"Jan 14, 2021","39,605.0","37,500.0","40,365.0","36,915.0","10.51K","8.88%"
"Jan 13, 2021","36,375.0","34,055.0","37,580.0","32,610.0","9.79K","5.43%"
"Jan 12, 2021","34,500.0","34,840.0","37,050.0","32,780.0","14.58K","2.13%"
"Jan 11, 2021","33,780.0","38,925.0","39,165.0","31,105.0","22.21K","-12.60%"
"Jan 10, 2021","38,650.0","40,350.0","40,350.0","38,422.5","-","-2.20%"
"Jan 08, 2021","39,520.0","40,275.0","42,730.0","37,000.0","15.38K","-0.26%"
"Jan 07, 2021","39,625.0","36,445.0","41,000.0","36,445.0","16.83K","8.37%"
"Jan 06, 2021","36,565.0","34,655.0","37,035.0","33,780.0","19.47K","5.94%"
"Jan 05, 2021","34,515.0","31,655.0","34,680.0","30,250.0","8.15K","9.40%"
"Jan 04, 2021","31,550.0","33,405.0","34,170.0","28,440.0","15.00K","-5.72%"
"Jan 03, 2021","33,465.0","29,197.5","34,095.0","29,197.5","-","14.53%"
"Jan 01, 2021","29,220.0","29,220.0","29,220.0","29,220.0","-","-0.56%"
"Dec 31, 2020","29,385.0","29,075.0","29,700.0","28,230.0","5.53K","0.79%"
"Dec 30, 2020","29,155.0","27,315.0","29,370.0","27,235.0","13.79K","7.15%"
"Dec 29, 2020","27,210.0","26,955.0","27,450.0","26,080.0","7.63K","0.37%"
"Dec 28, 2020","27,110.0","26,650.0","27,900.0","26,535.0","17.47K","1.63%"
"Dec 27, 2020","26,675.0","23,650.0","27,122.5","23,650.0","-","14.99%"
"Dec 24, 2020","23,196.7","23,250.0","23,475.0","22,715.0","0.98K","-1.33%"
"Dec 23, 2020","23,510.0","23,495.0","24,175.0","22,800.0","6.88K","0.28%"
"Dec 22, 2020","23,445.0","23,260.0","23,645.0","22,430.0","11.08K","2.47%"
"Dec 21, 2020","22,880.0","23,605.0","24,210.0","21,950.0","12.96K","-2.77%"
"Dec 20, 2020","23,532.5","23,297.5","23,667.5","22,915.0","-","2.94%"
"Dec 18, 2020","22,860.0","23,050.0","23,415.0","22,435.0","7.11K","-0.04%"
"Dec 17, 2020","22,870.0","21,460.0","23,915.0","21,320.0","16.83K","9.27%"
"Dec 16, 2020","20,930.0","19,505.0","21,430.0","19,340.0","12.92K","7.00%"
"Dec 15, 2020","19,560.0","19,340.0","19,675.0","19,120.0","5.82K","1.50%"
"Dec 14, 2020","19,270.0","19,155.0","19,430.0","19,080.0","6.12K","0.10%"
"Dec 13, 2020","19,250.0","18,285.0","19,335.0","18,135.0","-","6.83%"
"Dec 11, 2020","18,020.0","18,415.0","18,460.0","17,575.0","6.06K","-2.28%"
"Dec 10, 2020","18,440.0","18,630.0","18,750.0","17,940.0","6.95K","0.11%"
"Dec 09, 2020","18,420.0","18,685.0","18,685.0","17,705.0","6.75K","-2.15%"
"Dec 08, 2020","18,825.0","19,215.0","19,475.0","18,695.0","7.33K","-1.80%"
"Dec 07, 2020","19,170.0","19,205.0","19,615.0","19,020.0","5.21K","-1.94%"
"Dec 06, 2020","19,550.0","19,052.5","19,607.5","18,910.0","-","2.36%"
"Dec 04, 2020","19,100.0","19,680.0","19,750.0","18,830.0","7.57K","-2.38%"
"Dec 03, 2020","19,565.0","19,340.0","19,880.0","19,070.0","7.20K","1.40%"
"Dec 02, 2020","19,295.0","19,155.0","19,585.0","18,560.0","7.99K","0.10%"
"Dec 01, 2020","19,275.0","19,800.0","20,360.0","18,300.0","13.56K","-2.31%"
"Nov 30, 2020","19,730.0","18,275.0","20,260.0","18,275.0","12.03K","7.11%"
"Nov 29, 2020","18,420.0","18,430.0","18,477.5","18,350.0","-","10.78%"
"Nov 27, 2020","16,627.5","18,865.0","18,935.0","16,230.0","7.86K","-2.99%"
"Nov 26, 2020","17,140.0","18,745.0","18,937.5","16,230.0","-","-9.38%"
"Nov 25, 2020","18,915.0","19,135.0","19,605.0","18,640.0","12.22K","-1.02%"
"Nov 24, 2020","19,110.0","18,455.0","19,515.0","18,075.0","14.15K","3.80%"
"Nov 23, 2020","18,410.0","18,625.0","18,850.0","18,040.0","12.52K","-0.41%"
"Nov 22, 2020","18,485.0","18,625.0","18,750.0","18,450.0","-","-1.07%"
"Nov 20, 2020","18,685.0","17,910.0","18,880.0","17,740.0","9.87K","3.26%"
"Nov 19, 2020","18,095.0","17,905.0","18,260.0","17,375.0","6.74K","2.32%"
"Nov 18, 2020","17,685.0","17,675.0","18,540.0","17,235.0","12.93K","-0.25%"
"Nov 17, 2020","17,730.0","16,795.0","17,930.0","16,620.0","9.41K","4.94%"
"Nov 16, 2020","16,895.0","16,035.0","16,935.0","15,915.0","5.40K","5.41%"
"Nov 15, 2020","16,027.5","16,405.0","16,405.0","16,005.0","-","-1.49%"
"Nov 13, 2020","16,270.0","16,350.0","16,585.0","16,025.0","4.06K","0.18%"
"Nov 12, 2020","16,240.0","16,000.0","16,300.0","15,520.0","6.41K","2.75%"
"Nov 11, 2020","15,805.0","15,450.0","16,090.0","15,350.0","6.20K","2.93%"
"Nov 10, 2020","15,355.0","15,435.0","15,595.0","15,130.0","5.97K","-0.61%"
"Nov 09, 2020","15,450.0","15,665.0","16,005.0","14,880.0","12.35K","-1.28%"
"Nov 08, 2020","15,650.0","15,647.5","15,720.0","15,512.5","-","0.13%"
"Nov 06, 2020","15,630.0","15,685.0","16,155.0","15,350.0","8.14K","2.42%"
"Nov 05, 2020","15,260.0","14,165.0","15,505.0","14,165.0","7.46K","7.46%"
"Nov 04, 2020","14,200.0","13,925.0","14,420.0","13,635.0","9.53K","2.56%"
"Nov 03, 2020","13,845.0","13,730.0","13,950.0","13,390.0","3.73K","0.40%"
"Nov 02, 2020","13,790.0","13,955.0","14,065.0","13,370.0","5.04K","-1.25%"
"Nov 01, 2020","13,965.0","13,905.0","13,990.0","13,747.5","-","3.61%"
"Oct 30, 2020","13,478.6","13,530.0","13,660.0","13,150.0","0.63K","-0.20%"
"Oct 29, 2020","13,505.0","13,200.0","13,665.0","12,995.0","6.88K","2.50%"
"Oct 28, 2020","13,175.0","13,680.0","13,870.0","12,885.0","10.75K","-3.73%"
"Oct 27, 2020","13,685.0","13,050.0","13,780.0","13,025.0","9.03K","4.91%"
"Oct 26, 2020","13,045.0","13,100.0","13,300.0","12,805.0","6.03K","-1.25%"
"Oct 25, 2020","13,210.0","13,307.5","13,362.5","13,145.0","-","1.85%"
"Oct 23, 2020","12,970.0","13,220.0","13,260.0","12,775.0","3.79K","-1.41%"
"Oct 22, 2020","13,155.0","12,965.0","13,285.0","12,725.0","7.37K","3.14%"
"Oct 21, 2020","12,755.0","11,995.0","13,005.0","11,960.0","10.22K","6.56%"
"Oct 20, 2020","11,970.0","11,795.0","12,110.0","11,740.0","4.06K","1.83%"
"Oct 19, 2020","11,755.0","11,505.0","11,910.0","11,470.0","6.88K","1.64%"
"Oct 18, 2020","11,565.0","11,480.0","11,585.0","11,480.0","-","1.80%"
"Oct 16, 2020","11,360.0","11,610.0","11,610.0","11,225.0","5.37K","-2.03%"
"Oct 15, 2020","11,595.0","11,440.0","11,695.0","11,315.0","3.42K","1.62%"
"Oct 14, 2020","11,410.0","11,500.0","11,630.0","11,340.0","3.47K","-0.26%"
"Oct 13, 2020","11,440.0","11,760.0","11,805.0","11,355.0","4.17K","-1.63%"
"Oct 12, 2020","11,630.0","11,360.0","11,700.0","11,280.0","6.34K","1.35%"
"Oct 11, 2020","11,475.0","11,112.5","11,502.5","11,112.5","-","3.29%"
"Oct 09, 2020","11,110.0","10,950.0","11,205.0","10,910.0","3.47K","1.41%"
"Oct 08, 2020","10,955.0","10,735.0","11,065.0","10,580.0","5.07K","2.19%"
"Oct 07, 2020","10,720.0","10,600.0","10,760.0","10,595.0","2.26K","0.85%"
"Oct 06, 2020","10,630.0","10,815.0","10,890.0","10,565.0","4.09K","-1.71%"
"Oct 05, 2020","10,815.0","10,700.0","10,865.0","10,670.0","4.46K","0.86%"
"Oct 04, 2020","10,722.5","10,712.5","10,745.0","10,600.0","-","1.64%"
"Oct 02, 2020","10,550.0","10,615.0","10,705.0","10,410.0","5.87K","-0.89%"
"Oct 01, 2020","10,645.0","10,835.0","11,060.0","10,430.0","11.71K","-1.16%"
"Sep 30, 2020","10,770.0","10,850.0","10,940.0","10,725.0","5.67K","-0.42%"
"Sep 29, 2020","10,815.0","10,970.0","10,990.0","10,680.0","4.76K","-1.32%"
"Sep 28, 2020","10,960.0","10,800.0","11,080.0","10,795.0","4.10K","0.78%"
"Sep 27, 2020","10,875.0","10,747.5","10,887.5","10,747.5","-","2.53%"
"Sep 25, 2020","10,606.8","10,630.0","10,805.0","10,560.0","1.06K","-0.59%"
"Sep 24, 2020","10,670.0","10,240.0","10,750.0","10,190.0","8.99K","3.79%"
"Sep 23, 2020","10,280.0","10,545.0","10,550.0","10,140.0","7.72K","-2.05%"
"Sep 22, 2020","10,495.0","10,485.0","10,525.0","10,350.0","4.08K","0.10%"
"Sep 21, 2020","10,485.0","10,885.0","11,005.0","10,265.0","12.88K","-4.03%"
"Sep 20, 2020","10,925.0","10,875.0","10,947.5","10,840.0","-","0.41%"
"Sep 18, 2020","10,880.0","10,975.0","11,075.0","10,815.0","4.50K","-0.64%"
"Sep 17, 2020","10,950.0","11,045.0","11,075.0","10,755.0","7.18K","-0.59%"
"Sep 16, 2020","11,015.0","10,890.0","11,150.0","10,690.0","7.06K","1.85%"
"Sep 15, 2020","10,815.0","10,750.0","10,975.0","10,645.0","4.05K","1.03%"
"Sep 14, 2020","10,705.0","10,315.0","10,805.0","10,270.0","6.53K","3.43%"
"Sep 13, 2020","10,350.0","10,395.0","10,405.0","10,292.5","-","0.10%"
"Sep 11, 2020","10,340.0","10,370.0","10,420.0","10,215.0","4.82K","0.24%"
"Sep 10, 2020","10,315.0","10,285.0","10,565.0","10,215.0","7.86K","-0.05%"
"Sep 09, 2020","10,320.0","10,060.0","10,385.0","9,850.0","5.22K","3.05%"
"Sep 08, 2020","10,015.0","10,425.0","10,475.0","9,890.0","14.55K","-3.79%"
"Sep 07, 2020","10,410.0","10,275.0","10,460.0","9,895.0","-","1.26%"
"Sep 06, 2020","10,280.0","10,597.5","10,597.5","10,212.5","-","-3.20%"
"Sep 04, 2020","10,620.0","10,780.0","10,785.0","9,905.0","15.67K","-0.93%"
"Sep 03, 2020","10,720.0","11,440.0","11,530.0","10,460.0","15.41K","-6.46%"
"Sep 02, 2020","11,460.0","12,135.0","12,175.0","11,165.0","17.21K","-5.09%"
"Sep 01, 2020","12,075.0","11,755.0","12,200.0","11,625.0","8.92K","2.03%"
"Aug 31, 2020","11,835.0","11,735.0","11,915.0","11,705.0","4.87K","-0.29%"
"Aug 30, 2020","11,870.0","11,792.5","11,877.5","11,657.5","-","3.68%"
"Aug 28, 2020","11,449.1","11,335.0","11,525.0","11,280.0","1.66K","1.59%"
"Aug 27, 2020","11,270.0","11,495.0","11,610.0","11,125.0","9.01K","-1.83%"
"Aug 26, 2020","11,480.0","11,300.0","11,570.0","11,260.0","6.64K","1.50%"
"Aug 25, 2020","11,310.0","11,765.0","11,810.0","11,115.0","12.76K","-3.91%"
"Aug 24, 2020","11,770.0","11,695.0","11,865.0","11,595.0","7.42K","-0.38%"
"Aug 23, 2020","11,815.0","11,955.0","11,960.0","11,810.0","-","1.03%"
"Aug 21, 2020","11,695.0","12,125.0","12,125.0","11,600.0","9.66K","-1.68%"
"Aug 20, 2020","11,895.0","11,740.0","11,950.0","11,710.0","4.86K","1.75%"
"Aug 19, 2020","11,690.0","12,100.0","12,150.0","11,580.0","10.16K","-2.87%"
"Aug 18, 2020","12,035.0","12,470.0","12,555.0","11,850.0","10.62K","-3.60%"
"Aug 17, 2020","12,485.0","11,950.0","12,635.0","11,905.0","8.88K","3.40%"
"Aug 16, 2020","12,075.0","11,900.0","12,082.5","11,900.0","-","1.17%"
"Aug 14, 2020","11,935.0","11,765.0","12,000.0","11,740.0","9.98K","2.98%"
"Aug 13, 2020","11,590.0","11,600.0","11,760.0","11,340.0","5.06K","-0.64%"
"Aug 12, 2020","11,665.0","11,340.0","11,745.0","11,220.0","6.07K","2.01%"
"Aug 11, 2020","11,435.0","12,005.0","12,090.0","11,190.0","10.29K","-4.83%"
"Aug 10, 2020","12,015.0","11,800.0","12,220.0","11,645.0","9.86K","1.99%"
"Aug 09, 2020","11,780.0","11,727.5","11,817.5","11,727.5","-","1.77%"
"Aug 07, 2020","11,575.0","11,990.0","12,085.0","11,395.0","10.01K","-3.86%"
"Aug 06, 2020","12,040.0","11,930.0","12,085.0","11,705.0","4.90K","1.60%"
"Aug 05, 2020","11,850.0","11,385.0","11,975.0","11,190.0","11.37K","4.22%"
"Aug 04, 2020","11,370.0","11,560.0","11,600.0","11,125.0","6.92K","-2.15%"
"Aug 03, 2020","11,620.0","11,350.0","11,720.0","11,180.0","5.33K","2.74%"
"Aug 02, 2020","11,310.0","11,512.5","11,680.0","11,277.5","-","0.91%"
"Jul 31, 2020","11,207.5","11,155.0","11,245.0","10,985.0","1.46K","0.56%"
"Jul 30, 2020","11,145.0","11,350.0","11,405.0","10,835.0","7.34K","-0.85%"
"Jul 29, 2020","11,240.0","11,060.0","11,350.0","10,890.0","9.08K","1.86%"
"Jul 28, 2020","11,035.0","11,080.0","11,540.0","10,635.0","15.29K","1.28%"
"Jul 27, 2020","10,895.0","9,925.0","11,055.0","9,925.0","16.16K","8.22%"
"Jul 26, 2020","10,067.5","9,717.5","10,080.0","9,717.5","-","4.71%"
"Jul 24, 2020","9,615.0","9,665.0","9,665.0","9,505.0","3.11K","-0.36%"
"Jul 23, 2020","9,650.0","9,425.0","9,735.0","9,425.0","6.65K","2.39%"
"Jul 22, 2020","9,425.0","9,415.0","9,435.0","9,295.0","3.12K","0.32%"
"Jul 21, 2020","9,395.0","9,205.0","9,480.0","9,175.0","5.41K","2.23%"
"Jul 20, 2020","9,190.0","9,200.0","9,280.0","9,155.0","2.43K","-0.84%"
"Jul 19, 2020","9,267.5","9,165.0","9,280.0","9,165.0","-","0.79%"
"Jul 17, 2020","9,195.0","9,130.0","9,220.0","9,095.0","1.67K","0.55%"
"Jul 16, 2020","9,145.0","9,240.0","9,265.0","9,040.0","3.34K","-0.49%"
"Jul 15, 2020","9,190.0","9,295.0","9,320.0","9,165.0","2.33K","-1.29%"
"Jul 14, 2020","9,310.0","9,275.0","9,320.0","9,135.0","2.87K","0.43%"
"Jul 13, 2020","9,270.0","9,290.0","9,410.0","9,240.0","2.84K","-0.78%"
"Jul 12, 2020","9,342.5","9,270.0","9,377.5","9,270.0","-","0.73%"
"Jul 10, 2020","9,275.0","9,275.0","9,285.0","9,145.0","2.30K","0.22%"
"Jul 09, 2020","9,255.0","9,505.0","9,545.0","9,190.0","5.93K","-2.68%"
"Jul 08, 2020","9,510.0","9,310.0","9,570.0","9,285.0","5.16K","2.37%"
"Jul 07, 2020","9,290.0","9,350.0","9,455.0","9,250.0","2.98K","-0.69%"
"Jul 06, 2020","9,355.0","9,100.0","9,435.0","9,060.0","6.89K","2.69%"
"Jul 05, 2020","9,110.0","9,130.0","9,145.0","9,057.5","-","-0.16%"
"Jul 03, 2020","9,125.0","9,120.0","9,167.5","9,077.5","-","0.72%"
"Jul 02, 2020","9,060.0","9,280.0","9,335.0","8,950.0","6.56K","-2.84%"
"Jul 01, 2020","9,325.0","9,200.0","9,390.0","9,140.0","4.79K","1.52%"
"Jun 30, 2020","9,185.0","9,255.0","9,295.0","9,100.0","2.86K","-0.16%"
"Jun 29, 2020","9,200.0","9,175.0","9,240.0","9,050.0","2.74K","0.44%"
"Jun 28, 2020","9,160.0","9,237.5","9,237.5","9,122.5","-","0.83%"
"Jun 26, 2020","9,084.2","9,285.0","9,300.0","9,055.0","1.01K","-2.11%"
"Jun 25, 2020","9,280.0","9,245.0","9,315.0","8,985.0","5.01K","-0.05%"
"Jun 24, 2020","9,285.0","9,665.0","9,685.0","9,180.0","8.26K","-3.88%"
"Jun 23, 2020","9,660.0","9,725.0","9,755.0","9,600.0","3.81K","0.78%"
"Jun 22, 2020","9,585.0","9,350.0","9,700.0","9,280.0","5.06K","2.27%"
"Jun 21, 2020","9,372.5","9,325.0","9,455.0","9,325.0","-","0.62%"
"Jun 19, 2020","9,315.0","9,385.0","9,465.0","9,245.0","3.48K","-1.01%"
"Jun 18, 2020","9,410.0","9,425.0","9,515.0","9,320.0","2.14K","0.91%"
"Jun 17, 2020","9,325.0","9,540.0","9,600.0","9,255.0","3.21K","-2.15%"
"Jun 16, 2020","9,530.0","9,475.0","9,630.0","9,415.0","3.44K","0.95%"
"Jun 15, 2020","9,440.0","9,370.0","9,525.0","8,930.0","5.85K","0.85%"
"Jun 14, 2020","9,360.0","9,477.5","9,477.5","9,270.0","-","-1.11%"
"Jun 12, 2020","9,465.0","9,380.0","9,610.0","9,265.0","3.85K","1.77%"
"Jun 11, 2020","9,300.0","9,945.0","10,060.0","9,090.0","10.87K","-6.39%"
"Jun 10, 2020","9,935.0","9,905.0","10,130.0","9,720.0","7.01K","1.33%"
"Jun 09, 2020","9,805.0","9,630.0","9,985.0","9,620.0","4.29K","0.26%"
"Jun 08, 2020","9,780.0","9,810.0","9,900.0","9,720.0","3.76K","-0.53%"
"Jun 07, 2020","9,832.5","9,725.0","9,870.0","9,725.0","-","0.33%"
"Jun 05, 2020","9,800.0","9,865.0","9,950.0","9,675.0","4.51K","-0.96%"
"Jun 04, 2020","9,895.0","9,665.0","9,985.0","9,535.0","4.33K","2.49%"
"Jun 03, 2020","9,655.0","9,580.0","9,730.0","9,465.0","3.18K","0.78%"
"Jun 02, 2020","9,580.0","9,745.0","10,565.0","9,335.0","14.05K","-0.73%"
"Jun 01, 2020","9,650.0","9,530.0","9,775.0","9,465.0","3.66K","1.21%"
"May 31, 2020","9,535.0","9,532.5","9,595.0","9,470.0","-","0.97%"
"May 29, 2020","9,443.4","9,460.0","9,610.0","9,350.0","-","-0.07%"
"May 28, 2020","9,450.0","9,095.0","9,555.0","9,055.0","6.14K","3.05%"
"May 27, 2020","9,170.0","8,850.0","9,265.0","8,810.0","5.65K","4.38%"
"May 26, 2020","8,785.0","9,050.0","9,065.0","8,630.0","8.29K","-2.17%"
"May 25, 2020","8,980.0","8,777.5","9,015.0","8,695.0","-","2.31%"
"May 24, 2020","8,777.5","9,090.0","9,202.5","8,775.0","-","-4.33%"
"May 22, 2020","9,175.0","9,185.0","9,285.0","8,945.0","4.56K","1.10%"
"May 21, 2020","9,075.0","9,585.0","9,610.0","8,815.0","8.80K","-5.17%"
"May 20, 2020","9,570.0","9,755.0","9,895.0","9,330.0","6.28K","-1.14%"
"May 19, 2020","9,680.0","9,745.0","9,955.0","9,505.0","6.70K","-0.67%"
"May 18, 2020","9,745.0","9,795.0","10,035.0","9,515.0","7.69K","0.15%"
"May 17, 2020","9,730.0","9,377.5","9,837.5","9,377.5","-","3.57%"
"May 15, 2020","9,395.0","9,855.0","9,930.0","9,170.0","7.86K","-3.39%"
"May 14, 2020","9,725.0","9,400.0","10,070.0","9,355.0","8.87K","4.91%"
"May 13, 2020","9,270.0","8,845.0","9,430.0","8,830.0","5.00K","4.51%"
"May 12, 2020","8,870.0","8,680.0","9,050.0","8,560.0","6.91K","0.85%"
"May 11, 2020","8,795.0","8,820.0","9,275.0","8,220.0","19.23K","0.00%"
"May 10, 2020","8,795.0","10,100.0","10,100.0","8,645.0","-","-12.31%"
"May 08, 2020","10,030.0","10,010.0","10,220.0","9,820.0","6.75K","0.20%"
"May 07, 2020","10,010.0","9,370.0","10,115.0","9,105.0","12.11K","7.17%"
"May 06, 2020","9,340.0","9,035.0","9,515.0","8,980.0","6.33K","3.95%"
"May 05, 2020","8,985.0","9,055.0","9,225.0","8,835.0","4.68K","0.56%"
"May 04, 2020","8,935.0","8,965.0","9,060.0","8,600.0","3.99K","-0.67%"
"May 03, 2020","8,995.0","8,852.5","9,065.0","8,852.5","-","1.75%"
"May 01, 2020","8,840.0","8,850.0","9,145.0","8,655.0","5.13K","-1.01%"
"Apr 30, 2020","8,930.0","8,940.0","9,560.0","8,480.0","10.52K","1.19%"
"Apr 29, 2020","8,825.0","7,800.0","9,065.0","7,780.0","9.73K","13.43%"
"Apr 28, 2020","7,780.0","7,845.0","7,875.0","7,735.0","1.76K","0.00%"
"Apr 27, 2020","7,780.0","7,665.0","7,905.0","7,645.0","2.87K","0.00%"
"Apr 26, 2020","7,780.0","7,682.5","7,780.0","7,640.0","-","4.28%"
"Apr 24, 2020","7,460.9","7,610.0","7,620.0","7,400.0","1.12K","-1.05%"
"Apr 23, 2020","7,540.0","7,115.0","7,805.0","7,045.0","8.04K","5.97%"
"Apr 22, 2020","7,115.0","6,920.0","7,195.0","6,830.0","3.50K","3.27%"
"Apr 21, 2020","6,890.0","6,875.0","6,960.0","6,780.0","2.88K","1.40%"
"Apr 20, 2020","6,795.0","7,200.0","7,255.0","6,765.0","4.30K","-5.89%"
"Apr 19, 2020","7,220.0","7,270.0","7,270.0","7,195.0","-","1.98%"
"Apr 17, 2020","7,080.0","7,105.0","7,235.0","7,010.0","1.86K","-0.35%"
"Apr 16, 2020","7,105.0","6,735.0","7,205.0","6,465.0","6.36K","5.42%"
"Apr 15, 2020","6,740.0","6,895.0","6,950.0","6,685.0","2.14K","-3.02%"
"Apr 14, 2020","6,950.0","6,855.0","7,010.0","6,785.0","2.23K","2.06%"
"Apr 13, 2020","6,810.0","7,160.0","7,160.0","6,555.0","5.40K","-1.41%"
"Apr 12, 2020","6,907.5","7,242.5","7,355.0","6,890.0","-","-5.25%"
"Apr 09, 2020","7,290.0","7,335.0","7,415.0","7,090.0","2.79K","-0.61%"
"Apr 08, 2020","7,335.0","7,195.0","7,475.0","7,160.0","3.07K","0.07%"
"Apr 07, 2020","7,330.0","7,350.0","7,515.0","7,105.0","7.75K","0.00%"
"Apr 06, 2020","7,330.0","6,820.0","7,375.0","6,785.0","10.94K","7.79%"
"Apr 05, 2020","6,800.0","6,750.0","6,982.5","6,725.0","-","0.00%"
"Apr 03, 2020","6,800.0","6,890.0","7,100.0","6,625.0","3.94K","-0.95%"
"Apr 02, 2020","6,865.0","6,400.0","7,345.0","6,380.0","9.59K","10.55%"
"Apr 01, 2020","6,210.0","6,455.0","6,465.0","6,155.0","2.66K","-4.09%"
"Mar 31, 2020","6,475.0","6,505.0","6,660.0","6,340.0","2.31K","1.49%"
"Mar 30, 2020","6,380.0","6,045.0","6,535.0","5,835.0","4.34K","8.83%"
"Mar 29, 2020","5,862.5","6,925.0","6,925.0","5,857.5","-","-11.82%"
"Mar 27, 2020","6,648.4","6,755.0","6,855.0","6,570.0","-","-0.40%"
"Mar 26, 2020","6,675.0","6,600.0","6,805.0","6,520.0","-","0.68%"
"Mar 25, 2020","6,630.0","6,740.0","6,995.0","6,465.0","-","-1.41%"
"Mar 24, 2020","6,725.0","6,450.0","6,885.0","6,395.0","-","6.75%"
"Mar 23, 2020","6,300.0","6,060.0","6,650.0","5,685.0","-","7.51%"
"Mar 22, 2020","5,860.0","6,412.5","6,477.5","5,775.0","-","-5.64%"
"Mar 20, 2020","6,210.0","6,275.0","6,950.0","5,665.0","-","-0.48%"
"Mar 19, 2020","6,240.0","5,380.0","6,410.0","5,275.0","-","16.85%"
"Mar 18, 2020","5,340.0","5,440.0","5,475.0","4,990.0","-","-0.74%"
"Mar 17, 2020","5,380.0","4,975.0","5,525.0","4,835.0","6.88K","9.13%"
"Mar 16, 2020","4,930.0","5,850.0","5,850.0","4,390.0","14.88K","-7.50%"
"Mar 15, 2020","5,330.0","5,252.5","5,847.5","5,215.0","-","0.00%"
"Mar 13, 2020","5,330.0","5,775.0","5,935.0","4,210.0","15.53K","-11.31%"
"Mar 12, 2020","6,010.0","7,840.0","8,000.0","5,595.0","16.03K","-23.49%"
"Mar 11, 2020","7,855.0","7,990.0","8,025.0","7,610.0","3.91K","-1.75%"
"Mar 10, 2020","7,995.0","7,835.0","8,175.0","7,755.0","5.07K","1.85%"
"Mar 09, 2020","7,850.0","8,265.0","8,280.0","7,640.0","9.51K","-2.39%"
"Mar 08, 2020","8,042.5","9,267.5","9,267.5","7,995.0","-","-12.25%"
"Mar 06, 2020","9,165.0","9,140.0","9,250.0","9,060.0","1.83K","-0.33%"
"Mar 05, 2020","9,195.0","8,805.0","9,250.0","8,795.0","3.73K","4.97%"
"Mar 04, 2020","8,760.0","8,830.0","8,910.0","8,700.0","1.84K","-0.11%"
"Mar 03, 2020","8,770.0","8,990.0","8,995.0","8,740.0","2.96K","-2.28%"
"Mar 02, 2020","8,975.0","8,645.0","9,030.0","8,540.0","2.16K","4.48%"
"Mar 01, 2020","8,590.0","8,677.5","8,770.0","8,590.0","-","-0.84%"
"Feb 28, 2020","8,663.0","8,825.0","8,905.0","8,430.0","0.63K","-2.55%"
"Feb 27, 2020","8,890.0","8,780.0","8,980.0","8,520.0","3.90K","1.25%"
"Feb 26, 2020","8,780.0","9,385.0","9,395.0","8,595.0","7.64K","-5.79%"
"Feb 25, 2020","9,320.0","9,640.0","9,695.0","9,240.0","4.06K","-2.92%"
"Feb 24, 2020","9,600.0","9,935.0","10,075.0","9,480.0","7.38K","-5.70%"
"Feb 23, 2020","10,180.0","9,882.5","10,195.0","9,797.5","-","4.52%"
"Feb 21, 2020","9,740.0","9,650.0","9,830.0","9,600.0","2.13K","1.30%"
"Feb 20, 2020","9,615.0","9,735.0","9,735.0","9,405.0","3.92K","-5.97%"
"Feb 19, 2020","10,225.0","10,280.0","10,545.0","9,245.0","9.02K","-0.24%"
"Feb 18, 2020","10,250.0","9,980.0","10,365.0","9,505.0","20.88K","5.05%"
"Feb 17, 2020","9,757.5","9,995.0","10,040.0","9,505.0","-","-2.38%"
"Feb 16, 2020","9,995.0","10,335.0","10,335.0","9,930.0","-","-4.76%"
"Feb 14, 2020","10,495.0","10,305.0","10,635.0","10,210.0","8.77K","1.84%"
"Feb 13, 2020","10,305.0","10,505.0","10,670.0","10,160.0","16.24K","-2.09%"
"Feb 12, 2020","10,525.0","10,325.0","10,620.0","10,315.0","13.01K","1.15%"
"Feb 11, 2020","10,405.0","9,930.0","10,570.0","9,790.0","15.83K","4.73%"
"Feb 10, 2020","9,935.0","10,200.0","10,360.0","9,510.0","6.78K","-3.66%"
"Feb 09, 2020","10,312.5","9,875.0","10,337.5","9,850.0","-","4.75%"
"Feb 07, 2020","9,845.0","9,805.0","10,030.0","9,740.0","8.52K","-0.51%"
"Feb 06, 2020","9,895.0","9,800.0","10,010.0","9,685.0","12.01K","0.66%"
"Feb 05, 2020","9,830.0","9,245.0","9,945.0","9,225.0","14.31K","6.21%"
"Feb 04, 2020","9,255.0","9,355.0","9,440.0","9,130.0","8.19K","-1.65%"
"Feb 03, 2020","9,410.0","9,495.0","9,790.0","9,270.0","8.92K","-0.45%"
"Feb 02, 2020","9,452.5","9,475.0","9,540.0","9,392.5","-","1.89%"
"Jan 31, 2020","9,277.6","9,555.0","9,555.0","9,180.0","1.07K","-2.90%"
"Jan 30, 2020","9,555.0","9,335.0","9,570.0","9,160.0","15.04K","1.76%"
"Jan 29, 2020","9,390.0","9,040.0","9,480.0","9,040.0","12.12K","3.64%"
"Jan 28, 2020","9,060.0","8,935.0","9,215.0","8,895.0","15.88K","0.72%"
"Jan 27, 2020","8,995.0","8,595.0","9,020.0","8,575.0","13.13K","3.81%"
"Jan 26, 2020","8,665.0","8,457.5","8,680.0","8,457.5","-","2.00%"
"Jan 24, 2020","8,495.0","8,410.0","8,540.0","8,235.0","9.84K","1.49%"
"Jan 23, 2020","8,370.0","8,665.0","8,705.0","8,290.0","13.85K","-3.57%"
"Jan 22, 2020","8,680.0","8,775.0","8,865.0","8,600.0","4.72K","-0.80%"
"Jan 21, 2020","8,750.0","8,720.0","8,825.0","8,515.0","7.46K","0.92%"
"Jan 20, 2020","8,670.0","8,740.0","8,760.0","8,535.0","-","-0.80%"
"Jan 19, 2020","8,740.0","8,835.0","8,922.5","8,645.0","-","-2.07%"
"Jan 17, 2020","8,925.0","8,765.0","9,085.0","8,720.0","6.90K","1.54%"
"Jan 16, 2020","8,790.0","8,925.0","8,955.0","8,615.0","5.82K","-1.01%"
"Jan 15, 2020","8,880.0","8,810.0","8,995.0","8,635.0","7.02K","1.49%"
"Jan 14, 2020","8,750.0","8,165.0","8,955.0","8,150.0","13.50K","6.71%"
"Jan 13, 2020","8,200.0","8,235.0","8,300.0","8,100.0","3.21K","-1.00%"
"Jan 12, 2020","8,282.5","7,965.0","8,282.5","7,965.0","-","1.81%"
"Jan 10, 2020","8,135.0","7,855.0","8,220.0","7,700.0","13.11K","3.17%"
"Jan 09, 2020","7,885.0","8,120.0","8,170.0","7,800.0","10.40K","-2.77%"
"Jan 08, 2020","8,110.0","8,165.0","8,595.0","7,915.0","16.33K","-2.05%"
"Jan 07, 2020","8,280.0","7,725.0","8,300.0","7,725.0","11.53K","8.73%"
"Jan 06, 2020","7,615.0","7,435.0","7,685.0","7,385.0","6.10K","2.46%"
"Jan 05, 2020","7,432.5","7,402.5","7,445.0","7,385.0","-","0.64%"
"Jan 03, 2020","7,385.0","6,960.0","7,500.0","6,860.0","8.66K","6.41%"
"Jan 02, 2020","6,940.0","7,225.0","7,225.0","6,900.0","4.75K","-3.74%"
"Jan 01, 2020","7,210.0","7,220.0","7,230.0","7,202.5","-","0.00%"
"Dec 31, 2019","7,210.0","7,295.0","7,350.0","7,160.0","2.95K","-1.03%"
"Dec 30, 2019","7,285.0","7,445.0","7,480.0","7,245.0","3.12K","-2.15%"
"Dec 29, 2019","7,445.0","7,270.0","7,470.0","7,187.5","-","3.35%"
"Dec 27, 2019","7,203.8","7,195.0","7,245.0","7,055.0","0.61K","-0.64%"
"Dec 26, 2019","7,250.0","7,220.0","7,445.0","7,170.0","4.30K","-2.13%"
"Dec 25, 2019","7,407.5","7,265.0","7,407.5","7,265.0","-","2.38%"
"Dec 24, 2019","7,235.0","7,330.0","7,430.0","7,215.0","3.52K","-2.36%"
"Dec 23, 2019","7,410.0","7,420.0","7,715.0","7,290.0","7.85K","-1.98%"
"Dec 22, 2019","7,560.0","7,262.5","7,577.5","7,225.0","-","4.56%"
"Dec 20, 2019","7,230.0","7,160.0","7,235.0","7,085.0","2.48K","0.91%"
"Dec 19, 2019","7,165.0","7,280.0","7,440.0","7,055.0","4.60K","0.42%"
"Dec 18, 2019","7,135.0","6,575.0","7,235.0","6,420.0","11.82K","8.43%"
"Dec 17, 2019","6,580.0","6,880.0","6,940.0","6,560.0","5.98K","-4.08%"
"Dec 16, 2019","6,860.0","7,120.0","7,145.0","6,790.0","7.72K","-3.52%"
"Dec 15, 2019","7,110.0","7,215.0","7,287.5","7,082.5","-","-2.13%"
"Dec 13, 2019","7,265.0","7,215.0","7,335.0","7,200.0","3.65K","0.00%"
"Dec 12, 2019","7,265.0","7,210.0","7,370.0","7,070.0","4.52K","1.25%"
"Dec 11, 2019","7,175.0","7,250.0","7,290.0","7,130.0","2.98K","-0.55%"
"Dec 10, 2019","7,215.0","7,345.0","7,410.0","7,165.0","3.36K","-1.43%"
"Dec 09, 2019","7,320.0","7,570.0","7,705.0","7,290.0","3.53K","-3.05%"
"Dec 08, 2019","7,550.0","7,467.5","7,585.0","7,427.5","-","1.21%"
"Dec 06, 2019","7,460.0","7,435.0","7,655.0","7,335.0","3.51K","0.54%"
"Dec 05, 2019","7,420.0","7,255.0","7,525.0","7,180.0","4.44K","2.77%"
"Dec 04, 2019","7,220.0","7,335.0","7,965.0","7,085.0","8.67K","-1.63%"
"Dec 03, 2019","7,340.0","7,370.0","7,445.0","7,260.0","1.71K","0.07%"
"Dec 02, 2019","7,335.0","7,465.0","7,555.0","7,195.0","4.33K","-1.71%"
"Dec 01, 2019","7,462.5","7,812.5","7,850.0","7,452.5","-","-4.03%"
"Nov 29, 2019","7,775.7","7,530.0","7,800.0","7,365.0","2.45K","4.72%"
"Nov 28, 2019","7,425.0","7,547.5","7,657.5","7,365.0","-","-1.92%"
"Nov 27, 2019","7,570.0","7,150.0","7,700.0","6,835.0","8.58K","6.39%"
"Nov 26, 2019","7,115.0","7,205.0","7,345.0","7,015.0","5.90K","-0.70%"
"Nov 25, 2019","7,165.0","7,050.0","7,375.0","6,510.0","10.02K","3.69%"
"Nov 24, 2019","6,910.0","7,440.0","7,440.0","6,870.0","-","-5.73%"
"Nov 22, 2019","7,330.0","7,620.0","7,735.0","6,775.0","9.94K","-3.30%"
"Nov 21, 2019","7,580.0","8,110.0","8,140.0","7,360.0","5.63K","-6.54%"
"Nov 20, 2019","8,110.0","8,145.0","8,275.0","8,045.0","3.89K","0.00%"
"Nov 19, 2019","8,110.0","8,200.0","8,215.0","8,005.0","3.01K","-1.16%"
"Nov 18, 2019","8,205.0","8,550.0","8,565.0","8,005.0","4.00K","-3.53%"
"Nov 17, 2019","8,505.0","8,557.5","8,662.5","8,495.0","-","0.00%"
"Nov 15, 2019","8,505.0","8,680.0","8,820.0","8,355.0","4.10K","-1.96%"
"Nov 14, 2019","8,675.0","8,805.0","8,830.0","8,590.0","2.34K","-1.25%"
"Nov 13, 2019","8,785.0","8,815.0","8,880.0","8,730.0","2.12K","-0.57%"
"Nov 12, 2019","8,835.0","8,735.0","8,915.0","8,555.0","3.55K","0.97%"
"Nov 11, 2019","8,750.0","9,100.0","9,135.0","8,585.0","3.62K","-3.26%"
"Nov 10, 2019","9,045.0","8,850.0","9,132.5","8,850.0","-","2.26%"
"Nov 08, 2019","8,845.0","9,260.0","9,305.0","8,680.0","5.49K","-4.07%"
"Nov 07, 2019","9,220.0","9,425.0","9,460.0","9,125.0","3.32K","-1.50%"
"Nov 06, 2019","9,360.0","9,405.0","9,515.0","9,325.0","1.37K","-0.64%"
"Nov 05, 2019","9,420.0","9,480.0","9,580.0","8,360.0","2.88K","-1.52%"
"Nov 04, 2019","9,565.0","9,270.0","9,790.0","9,170.0","3.45K","3.43%"
"Nov 03, 2019","9,247.5","9,387.5","9,387.5","9,090.0","-","0.14%"
"Nov 01, 2019","9,235.0","9,230.0","9,360.0","9,120.0","2.64K","-0.75%"
"Oct 31, 2019","9,305.0","9,225.0","9,510.0","9,000.0","2.09K","0.38%"
"Oct 30, 2019","9,270.0","9,540.0","9,565.0","9,060.0","3.55K","-0.48%"
"Oct 29, 2019","9,315.0","9,585.0","9,655.0","9,155.0","3.04K","-2.26%"
"Oct 28, 2019","9,530.0","9,700.0","10,050.0","9,330.0","6.47K","-1.06%"
"Oct 27, 2019","9,632.5","8,667.5","9,840.0","8,667.5","-","25.45%"
"Oct 25, 2019","7,678.5","7,450.0","7,720.0","7,400.0","0.56K","2.52%"
"Oct 24, 2019","7,490.0","7,420.0","7,515.0","7,355.0","3.21K","0.20%"
"Oct 23, 2019","7,475.0","8,080.0","8,110.0","7,245.0","5.77K","-8.45%"
"Oct 22, 2019","8,165.0","8,230.0","8,330.0","8,065.0","2.45K","-0.49%"
"Oct 21, 2019","8,205.0","8,255.0","8,380.0","8,160.0","3.64K","-1.11%"
"Oct 20, 2019","8,297.5","8,290.0","8,300.0","8,237.5","-","4.24%"
"Oct 18, 2019","7,960.0","8,065.0","8,130.0","7,805.0","3.41K","-1.24%"
"Oct 17, 2019","8,060.0","7,975.0","8,150.0","7,935.0","2.58K","1.38%"
"Oct 16, 2019","7,950.0","8,150.0","8,195.0","7,900.0","3.69K","-2.69%"
"Oct 15, 2019","8,170.0","8,340.0","8,435.0","8,085.0","2.75K","-2.21%"
"Oct 14, 2019","8,355.0","8,255.0","8,435.0","8,220.0","1.77K","0.88%"
"Oct 13, 2019","8,282.5","8,327.5","8,330.0","8,252.5","-","-0.87%"
"Oct 11, 2019","8,355.0","8,595.0","8,850.0","8,285.0","4.13K","-2.79%"
"Oct 10, 2019","8,595.0","8,605.0","8,670.0","8,445.0","2.72K","-0.58%"
"Oct 09, 2019","8,645.0","8,185.0","8,780.0","8,125.0","4.72K","5.81%"
"Oct 08, 2019","8,170.0","8,260.0","8,365.0","8,095.0","2.28K","-1.03%"
"Oct 07, 2019","8,255.0","7,900.0","8,350.0","7,745.0","5.78K","5.36%"
"Oct 06, 2019","7,835.0","8,217.5","8,217.5","7,785.0","-","-4.74%"
"Oct 04, 2019","8,225.0","8,165.0","8,310.0","8,020.0","1.99K","0.80%"
"Oct 03, 2019","8,160.0","8,285.0","8,435.0","8,075.0","2.58K","-1.33%"
"Oct 02, 2019","8,270.0","8,330.0","8,400.0","8,185.0","1.86K","-0.66%"
"Oct 01, 2019","8,325.0","8,360.0","8,560.0","8,235.0","3.54K","-0.12%"
"Sep 30, 2019","8,335.0","8,090.0","8,415.0","7,710.0","4.98K","3.22%"
"Sep 29, 2019","8,075.0","7,965.0","8,172.5","7,965.0","-","0.88%"
"Sep 27, 2019","8,004.5","8,085.0","8,140.0","7,940.0","0.45K","-1.72%"
"Sep 26, 2019","8,145.0","8,515.0","8,670.0","7,710.0","5.37K","-2.46%"
"Sep 25, 2019","8,350.0","8,670.0","8,785.0","8,205.0","5.82K","-0.36%"
"Sep 24, 2019","8,380.0","9,770.0","9,780.0","7,995.0","10.53K","-14.53%"
"Sep 23, 2019","9,805.0","10,125.0","10,125.0","9,690.0","4.65K","-2.39%"
"Sep 22, 2019","10,045.0","10,232.5","10,232.5","10,035.0","-","-1.33%"
"Sep 20, 2019","10,180.0","10,155.0","10,355.0","10,095.0","2.40K","0.25%"
"Sep 19, 2019","10,155.0","10,315.0","10,450.0","9,605.0","4.34K","-0.49%"
"Sep 18, 2019","10,205.0","10,250.0","10,310.0","10,120.0","1.58K","-0.97%"
"Sep 17, 2019","10,305.0","10,305.0","10,405.0","10,185.0","1.58K","1.68%"
"Sep 16, 2019","10,135.0","10,335.0","10,430.0","10,105.0","2.31K","-2.22%"
"Sep 15, 2019","10,365.0","10,485.0","10,502.5","10,335.0","-","0.97%"
"Sep 13, 2019","10,265.0","10,480.0","10,560.0","10,205.0","2.88K","-1.39%"
"Sep 12, 2019","10,410.0","10,160.0","10,470.0","10,085.0","3.10K","2.81%"
"Sep 11, 2019","10,125.0","10,145.0","10,345.0","9,900.0","3.53K","0.65%"
"Sep 10, 2019","10,060.0","10,360.0","10,455.0","9,945.0","3.40K","-2.99%"
"Sep 09, 2019","10,370.0","10,490.0","10,620.0","10,115.0","3.97K","-1.00%"
"Sep 08, 2019","10,475.0","10,405.0","10,522.5","10,405.0","-","0.14%"
"Sep 06, 2019","10,460.0","10,635.0","11,130.0","10,230.0","6.76K","-1.55%"
"Sep 05, 2019","10,625.0","10,790.0","10,810.0","10,530.0","3.61K","-1.94%"
"Sep 04, 2019","10,835.0","10,840.0","10,965.0","10,470.0","3.70K","0.32%"
"Sep 03, 2019","10,800.0","9,795.0","10,925.0","9,795.0","7.22K","2.78%"
"Sep 02, 2019","10,507.5","9,895.0","10,600.0","9,845.0","-","6.38%"
"Sep 01, 2019","9,877.5","9,657.5","9,932.5","9,657.5","-","3.06%"
"Aug 30, 2019","9,584.0","9,500.0","9,630.0","9,385.0","0.36K","0.83%"
"Aug 29, 2019","9,505.0","9,695.0","9,730.0","9,305.0","4.15K","-1.45%"
"Aug 28, 2019","9,645.0","10,150.0","10,320.0","9,470.0","5.69K","-5.12%"
"Aug 27, 2019","10,165.0","10,305.0","10,410.0","10,030.0","3.66K","-1.60%"
"Aug 26, 2019","10,330.0","10,030.0","10,730.0","9,970.0","4.19K","0.78%"
"Aug 25, 2019","10,250.0","10,237.5","10,367.5","10,075.0","-","-2.01%"
"Aug 23, 2019","10,460.0","10,205.0","10,535.0","10,050.0","3.32K","2.70%"
"Aug 22, 2019","10,185.0","10,040.0","10,255.0","9,765.0","3.96K","0.69%"
"Aug 21, 2019","10,115.0","10,815.0","10,890.0","9,850.0","5.03K","-6.13%"
"Aug 20, 2019","10,775.0","10,765.0","11,015.0","10,590.0","2.56K","0.28%"
"Aug 19, 2019","10,745.0","10,445.0","10,890.0","10,305.0","2.65K","3.74%"
"Aug 18, 2019","10,357.5","10,477.5","10,490.0","10,167.5","-","-1.50%"
"Aug 16, 2019","10,515.0","10,400.0","10,590.0","9,765.0","5.25K","3.80%"
"Aug 15, 2019","10,130.0","10,240.0","10,440.0","9,500.0","7.41K","-0.30%"
"Aug 14, 2019","10,160.0","10,930.0","10,955.0","10,070.0","6.02K","-7.17%"
"Aug 13, 2019","10,945.0","11,505.0","11,570.0","10,800.0","4.15K","-5.32%"
"Aug 12, 2019","11,560.0","11,675.0","11,695.0","11,340.0","1.83K","-0.82%"
"Aug 11, 2019","11,655.0","11,640.0","11,685.0","11,597.5","-","-2.43%"
"Aug 09, 2019","11,945.0","11,855.0","12,235.0","11,795.0","3.52K","2.18%"
"Aug 08, 2019","11,690.0","12,075.0","12,205.0","11,600.0","2.43K","-1.64%"
"Aug 07, 2019","11,885.0","11,600.0","12,330.0","11,325.0","5.02K","0.46%"
"Aug 06, 2019","11,830.0","11,925.0","12,505.0","11,700.0","3.81K","-0.67%"
"Aug 05, 2019","11,910.0","11,070.0","12,130.0","11,070.0","4.07K","7.03%"
"Aug 04, 2019","11,127.5","10,725.0","11,267.5","10,725.0","-","4.98%"
"Aug 02, 2019","10,600.0","10,595.0","10,870.0","10,490.0","2.70K","1.44%"
"Aug 01, 2019","10,450.0","10,160.0","10,665.0","10,015.0","1.88K","3.31%"
"Jul 31, 2019","10,115.0","9,725.0","10,295.0","9,685.0","2.20K","3.90%"
"Jul 30, 2019","9,735.0","9,565.0","9,930.0","9,470.0","2.38K","2.15%"
"Jul 29, 2019","9,530.0","9,575.0","9,850.0","9,195.0","3.07K","-0.83%"
"Jul 28, 2019","9,610.0","9,917.5","9,917.5","9,195.0","-","-1.57%"
"Jul 26, 2019","9,763.5","9,875.0","9,955.0","9,645.0","0.92K","-1.03%"
"Jul 25, 2019","9,865.0","9,780.0","10,215.0","9,735.0","3.90K","2.33%"
"Jul 24, 2019","9,640.0","10,155.0","10,155.0","9,485.0","5.62K","-5.02%"
"Jul 23, 2019","10,150.0","10,290.0","10,370.0","9,860.0","3.69K","0.05%"
"Jul 22, 2019","10,145.0","10,630.0","10,720.0","10,070.0","5.22K","-5.28%"
"Jul 21, 2019","10,710.0","10,595.0","10,825.0","10,595.0","-","2.39%"
"Jul 19, 2019","10,460.0","10,635.0","10,845.0","10,130.0","4.70K","-0.85%"
"Jul 18, 2019","10,550.0","9,825.0","10,825.0","9,345.0","8.51K","7.71%"
"Jul 17, 2019","9,795.0","9,695.0","10,025.0","9,095.0","8.04K","0.67%"
"Jul 16, 2019","9,730.0","10,840.0","11,155.0","9,460.0","8.51K","-10.82%"
"Jul 15, 2019","10,910.0","10,945.0","11,040.0","9,915.0","7.60K","6.78%"
"Jul 14, 2019","10,217.5","11,660.0","11,845.0","10,117.5","-","-12.89%"
"Jul 12, 2019","11,730.0","11,405.0","12,005.0","11,195.0","3.36K","0.00%"
"Jul 11, 2019","11,730.0","12,130.0","12,385.0","11,045.0","9.62K","-4.40%"
"Jul 10, 2019","12,270.0","12,825.0","13,480.0","11,760.0","10.62K","-3.84%"
"Jul 09, 2019","12,760.0","12,530.0","13,115.0","12,330.0","6.43K","2.53%"
"Jul 08, 2019","12,445.0","11,630.0","12,525.0","11,500.0","3.93K","6.92%"
"Jul 07, 2019","11,640.0","11,217.5","11,760.0","11,217.5","-","3.15%"
"Jul 05, 2019","11,285.0","11,485.0","12,230.0","10,910.0","8.76K","-0.13%"
"Jul 04, 2019","11,300.0","12,165.0","12,230.0","11,200.0","-","-0.62%"
"Jul 03, 2019","11,370.0","10,890.0","11,765.0","10,855.0","6.77K","3.46%"
"Jul 02, 2019","10,990.0","10,685.0","11,120.0","9,805.0","6.87K","5.93%"
"Jul 01, 2019","10,375.0","11,505.0","11,505.0","10,150.0","9.77K","-5.38%"
"Jun 30, 2019","10,965.0","12,052.5","12,052.5","10,880.0","-","-6.79%"
"Jun 28, 2019","11,763.8","10,865.0","12,020.0","10,815.0","0.39K","8.37%"
"Jun 27, 2019","10,855.0","12,500.0","13,340.0","10,285.0","23.27K","-21.82%"
"Jun 26, 2019","13,885.0","11,520.0","13,915.0","11,520.0","21.33K","22.01%"
"Jun 25, 2019","11,380.0","11,035.0","11,525.0","11,010.0","10.35K","3.97%"
"Jun 24, 2019","10,945.0","10,925.0","11,160.0","10,615.0","9.90K","-0.77%"
"Jun 23, 2019","11,030.0","10,125.0","11,220.0","10,125.0","-","10.52%"
"Jun 21, 2019","9,980.0","9,615.0","10,060.0","9,560.0","6.91K","3.69%"
"Jun 20, 2019","9,625.0","9,320.0","9,705.0","9,260.0","5.35K","4.51%"
"Jun 19, 2019","9,210.0","9,020.0","9,255.0","8,985.0","2.22K","1.04%"
"Jun 18, 2019","9,115.0","9,365.0","9,575.0","8,985.0","6.73K","-2.83%"
"Jun 17, 2019","9,380.0","9,065.0","9,495.0","9,055.0","6.93K","3.30%"
"Jun 16, 2019","9,080.0","9,065.0","9,247.5","9,060.0","-","7.58%"
"Jun 14, 2019","8,440.0","8,365.0","8,515.0","8,215.0","2.08K","1.87%"
"Jun 13, 2019","8,285.0","8,180.0","8,330.0","8,070.0","2.08K","1.10%"
"Jun 12, 2019","8,195.0","7,930.0","8,340.0","7,830.0","3.93K","3.47%"
"Jun 11, 2019","7,920.0","7,980.0","8,085.0","7,720.0","2.54K","-1.12%"
"Jun 10, 2019","8,010.0","7,675.0","8,115.0","7,515.0","3.26K","4.50%"
"Jun 09, 2019","7,665.0","8,200.0","8,200.0","7,515.0","-","-4.31%"
"Jun 07, 2019","8,010.0","7,765.0","8,175.0","7,740.0","2.93K","5.26%"
"Jun 06, 2019","7,610.0","7,745.0","7,915.0","7,460.0","4.39K","-2.87%"
"Jun 05, 2019","7,835.0","7,525.0","7,970.0","7,435.0","2.85K","2.75%"
"Jun 04, 2019","7,625.0","8,560.0","8,565.0","7,515.0","11.78K","-11.75%"
"Jun 03, 2019","8,640.0","8,730.0","8,865.0","8,385.0","4.64K","-2.26%"
"Jun 02, 2019","8,840.0","8,610.0","8,865.0","8,550.0","-","5.06%"
"May 31, 2019","8,414.2","8,290.0","8,440.0","8,100.0","-","-2.39%"
"May 30, 2019","8,620.0","8,660.0","9,125.0","8,345.0","11.45K","-0.81%"
"May 29, 2019","8,690.0","8,730.0","8,775.0","8,420.0","11.72K","-0.17%"
"May 28, 2019","8,705.0","8,660.0","9,035.0","8,550.0","18.55K","-2.00%"
"May 27, 2019","8,882.5","8,835.0","9,065.0","8,775.0","-","0.54%"
"May 26, 2019","8,835.0","8,067.5","8,920.0","8,067.5","-","9.28%"
"May 24, 2019","8,085.0","7,845.0","8,230.0","7,815.0","12.00K","3.52%"
"May 23, 2019","7,810.0","7,685.0","7,895.0","7,485.0","10.99K","-1.76%"
"May 22, 2019","7,950.0","8,030.0","8,075.0","7,710.0","10.83K","-1.24%"
"May 21, 2019","8,050.0","8,065.0","8,140.0","7,840.0","7.78K","2.55%"
"May 20, 2019","7,850.0","8,075.0","8,380.0","7,620.0","15.20K","-4.82%"
"May 19, 2019","8,247.5","7,055.0","8,375.0","7,055.0","-","14.87%"
"May 17, 2019","7,180.0","7,940.0","7,990.0","6,320.0","15.47K","-8.83%"
"May 16, 2019","7,875.0","8,185.0","8,445.0","7,725.0","19.97K","-4.26%"
"May 15, 2019","8,225.0","7,815.0","8,300.0","7,815.0","13.41K","5.72%"
"May 14, 2019","7,780.0","8,145.0","8,385.0","7,630.0","26.37K","-2.14%"
"May 13, 2019","7,950.0","7,150.0","8,030.0","6,870.0","31.43K","13.82%"
"May 12, 2019","6,985.0","6,262.5","7,240.0","6,262.5","-","9.74%"
"May 10, 2019","6,365.0","6,125.0","6,430.0","6,110.0","9.80K","4.95%"
"May 09, 2019","6,065.0","5,905.0","6,120.0","5,850.0","6.97K","2.80%"
"May 08, 2019","5,900.0","5,885.0","5,915.0","5,640.0","7.02K","0.94%"
"May 07, 2019","5,845.0","5,700.0","5,985.0","5,685.0","10.09K","1.74%"
"May 06, 2019","5,745.0","5,735.0","5,795.0","5,565.0","7.08K","0.39%"
"May 05, 2019","5,722.5","5,785.0","5,815.0","5,712.5","-","0.93%"
"May 03, 2019","5,670.0","5,390.0","5,800.0","5,355.0","13.23K","5.19%"
"May 02, 2019","5,390.0","5,285.0","5,415.0","5,280.0","4.55K","1.70%"
"May 01, 2019","5,300.0","5,250.0","5,350.0","5,250.0","3.56K","1.34%"
"Apr 30, 2019","5,230.0","5,140.0","5,285.0","5,090.0","4.09K","1.75%"
"Apr 29, 2019","5,140.0","5,095.0","5,185.0","5,070.0","3.42K","-0.19%"
"Apr 28, 2019","5,150.0","5,345.0","5,345.0","5,042.5","-","-0.24%"
"Apr 26, 2019","5,162.3","5,400.0","5,400.0","4,945.0","1.29K","-5.97%"
"Apr 25, 2019","5,490.0","5,440.0","5,510.0","5,380.0","3.54K","1.01%"
"Apr 24, 2019","5,435.0","5,580.0","5,625.0","5,370.0","11.09K","-2.77%"
"Apr 23, 2019","5,590.0","5,400.0","5,665.0","5,375.0","10.60K","3.61%"
"Apr 22, 2019","5,395.0","5,275.0","5,450.0","5,255.0","9.80K","1.70%"
"Apr 21, 2019","5,305.0","5,212.5","5,305.0","5,212.5","-","-0.28%"
"Apr 19, 2019","5,320.0","5,320.0","5,320.0","5,320.0","-","0.47%"
"Apr 18, 2019","5,295.0","5,230.0","5,325.0","5,205.0","6.45K","1.15%"
"Apr 17, 2019","5,235.0","5,215.0","5,285.0","5,185.0","6.70K","0.67%"
"Apr 16, 2019","5,200.0","5,030.0","5,235.0","5,025.0","6.80K","3.79%"
"Apr 15, 2019","5,010.0","5,110.0","5,200.0","4,945.0","10.08K","-3.05%"
"Apr 14, 2019","5,167.5","5,102.5","5,192.5","5,062.5","-","2.02%"
"Apr 12, 2019","5,065.0","5,030.0","5,125.0","4,900.0","7.93K","-0.20%"
"Apr 11, 2019","5,075.0","5,300.0","5,355.0","4,965.0","11.27K","-6.28%"
"Apr 10, 2019","5,415.0","5,220.0","5,480.0","5,160.0","7.84K","3.74%"
"Apr 09, 2019","5,220.0","5,290.0","5,320.0","5,150.0","8.97K","0.19%"
"Apr 08, 2019","5,210.0","5,165.0","5,370.0","5,130.0","16.17K","0.19%"
"Apr 07, 2019","5,200.0","4,985.0","5,275.0","4,985.0","-","3.59%"
"Apr 05, 2019","5,020.0","4,935.0","5,070.0","4,890.0","9.56K","3.72%"
"Apr 04, 2019","4,840.0","5,210.0","5,275.0","4,780.0","21.78K","-6.02%"
"Apr 03, 2019","5,150.0","4,810.0","5,325.0","4,810.0","16.12K","7.85%"
"Apr 02, 2019","4,775.0","4,135.0","5,095.0","4,130.0","10.44K","15.76%"
"Apr 01, 2019","4,125.0","4,090.0","4,145.0","4,040.0","1.90K","0.98%"
"Mar 31, 2019","4,085.0","4,087.5","4,095.0","4,047.5","-","0.15%"
"Mar 29, 2019","4,079.0","4,005.0","4,100.0","4,000.0","0.58K","1.72%"
"Mar 28, 2019","4,010.0","4,010.0","4,035.0","3,995.0","1.89K","0.12%"
"Mar 27, 2019","4,005.0","3,905.0","4,035.0","3,905.0","4.11K","2.56%"
"Mar 26, 2019","3,905.0","3,885.0","3,915.0","3,880.0","2.00K","0.26%"
"Mar 25, 2019","3,895.0","3,965.0","3,970.0","3,845.0","2.41K","-1.70%"
"Mar 24, 2019","3,962.5","3,935.0","3,967.5","3,935.0","-","-0.44%"
"Mar 22, 2019","3,980.0","3,970.0","3,995.0","3,955.0","1.70K","0.38%"
"Mar 21, 2019","3,965.0","4,015.0","4,060.0","3,900.0","3.77K","-1.12%"
"Mar 20, 2019","4,010.0","3,990.0","4,020.0","3,965.0","2.56K","0.38%"
"Mar 19, 2019","3,995.0","3,970.0","4,015.0","3,950.0","2.33K","0.88%"
"Mar 18, 2019","3,960.0","3,965.0","4,025.0","3,935.0","2.76K","-0.19%"
"Mar 17, 2019","3,967.5","3,887.5","4,002.5","3,887.5","-","1.73%"
"Mar 15, 2019","3,900.0","3,850.0","3,910.0","3,845.0","2.94K","1.43%"
"Mar 14, 2019","3,845.0","3,840.0","3,905.0","3,775.0","4.46K","0.00%"
"Mar 13, 2019","3,845.0","3,855.0","3,870.0","3,820.0","2.11K","0.00%"
"Mar 12, 2019","3,845.0","3,845.0","3,880.0","3,790.0","2.96K","0.26%"
"Mar 11, 2019","3,835.0","3,885.0","3,915.0","3,810.0","3.54K","-1.60%"
"Mar 10, 2019","3,897.5","3,815.0","3,902.5","3,810.0","-","0.19%"
"Mar 08, 2019","3,890.0","3,905.0","3,920.0","3,845.0","3.78K","0.52%"
"Mar 07, 2019","3,870.0","3,855.0","3,890.0","3,830.0","4.09K","0.78%"
"Mar 06, 2019","3,840.0","3,835.0","3,900.0","3,810.0","4.10K","0.13%"
"Mar 05, 2019","3,835.0","3,675.0","3,865.0","3,655.0","4.97K","3.93%"
"Mar 04, 2019","3,690.0","3,780.0","3,795.0","3,660.0","4.58K","-2.32%"
"Mar 03, 2019","3,777.5","3,817.5","3,817.5","3,752.5","-","-1.11%"
"Mar 01, 2019","3,820.0","3,785.0","3,830.0","3,780.0","1.83K","0.79%"
"Feb 28, 2019","3,790.0","3,765.0","3,875.0","3,745.0","6.75K","2.16%"
"Feb 27, 2019","3,710.0","3,780.0","3,815.0","3,620.0","4.84K","-1.72%"
"Feb 26, 2019","3,775.0","3,805.0","3,820.0","3,745.0","3.07K","-1.18%"
"Feb 25, 2019","3,820.0","3,770.0","3,845.0","3,705.0","5.87K","2.90%"
"Feb 24, 2019","3,712.5","3,940.0","3,940.0","3,707.5","-","-5.55%"
"Feb 22, 2019","3,930.8","3,885.0","3,955.0","3,885.0","0.39K","0.92%"
"Feb 21, 2019","3,895.0","3,920.0","3,985.0","3,855.0","5.43K","-1.02%"
"Feb 20, 2019","3,935.0","3,910.0","3,965.0","3,870.0","5.23K","0.00%"
"Feb 19, 2019","3,935.0","3,600.0","3,970.0","3,595.0","15.94K","1.75%"
"Feb 18, 2019","3,867.5","3,632.5","3,917.5","3,617.5","-","6.62%"
"Feb 17, 2019","3,627.5","3,562.5","3,647.5","3,562.5","-","1.75%"
"Feb 15, 2019","3,565.0","3,565.0","3,620.0","3,545.0","2.60K","0.00%"
"Feb 14, 2019","3,565.0","3,575.0","3,595.0","3,530.0","2.12K","-0.14%"
"Feb 13, 2019","3,570.0","3,575.0","3,630.0","3,555.0","2.81K","-0.97%"
"Feb 12, 2019","3,605.0","3,595.0","3,625.0","3,550.0","3.94K","0.00%"
"Feb 11, 2019","3,605.0","3,610.0","3,650.0","3,580.0","5.08K","-1.10%"
"Feb 10, 2019","3,645.0","3,592.5","3,647.5","3,592.5","-","0.83%"
"Feb 08, 2019","3,615.0","3,350.0","3,730.0","3,325.0","9.87K","8.23%"
"Feb 07, 2019","3,340.0","3,345.0","3,370.0","3,335.0","1.73K","0.00%"
"Feb 06, 2019","3,340.0","3,405.0","3,420.0","3,310.0","3.78K","-1.76%"
"Feb 05, 2019","3,400.0","3,390.0","3,415.0","3,380.0","1.57K","0.15%"
"Feb 04, 2019","3,395.0","3,380.0","3,415.0","3,375.0","2.95K","-0.07%"
"Feb 03, 2019","3,397.5","3,435.0","3,435.0","3,377.5","-","-0.80%"
"Feb 01, 2019","3,425.0","3,385.0","3,440.0","3,345.0","4.69K","0.88%"
"Jan 31, 2019","3,395.0","3,420.0","3,455.0","3,365.0","4.07K","-0.44%"
"Jan 30, 2019","3,410.0","3,360.0","3,435.0","3,345.0","3.31K","1.19%"
"Jan 29, 2019","3,370.0","3,385.0","3,395.0","3,300.0","2.45K","-0.30%"
"Jan 28, 2019","3,380.0","3,485.0","3,515.0","3,325.0","4.35K","-3.36%"
"Jan 27, 2019","3,497.5","3,450.0","3,517.5","3,450.0","-","-1.76%"
"Jan 25, 2019","3,560.0","3,560.0","3,580.0","3,510.0","0.49K","-0.14%"
"Jan 24, 2019","3,565.0","3,545.0","3,590.0","3,520.0","2.79K","0.85%"
"Jan 23, 2019","3,535.0","3,575.0","3,615.0","3,510.0","5.04K","-1.26%"
"Jan 22, 2019","3,580.0","3,525.0","3,620.0","3,390.0","6.73K","1.78%"
"Jan 21, 2019","3,517.5","3,527.5","3,550.0","3,477.5","-","0.00%"
"Jan 20, 2019","3,517.5","3,522.5","3,530.0","3,502.5","-","-1.88%"
"Jan 18, 2019","3,585.0","3,615.0","3,630.0","3,540.0","2.67K","-0.55%"
"Jan 17, 2019","3,605.0","3,570.0","3,645.0","3,515.0","3.56K","1.26%"
"Jan 16, 2019","3,560.0","3,550.0","3,645.0","3,545.0","4.11K","0.71%"
"Jan 15, 2019","3,535.0","3,650.0","3,665.0","3,490.0","3.79K","-3.15%"
"Jan 14, 2019","3,650.0","3,490.0","3,700.0","3,400.0","4.39K","4.51%"
"Jan 13, 2019","3,492.5","3,485.0","3,495.0","3,447.5","-","-3.92%"
"Jan 11, 2019","3,635.0","3,600.0","3,685.0","3,560.0","4.22K","0.83%"
"Jan 10, 2019","3,605.0","3,995.0","4,020.0","3,525.0","5.74K","-9.65%"
"Jan 09, 2019","3,990.0","3,990.0","4,030.0","3,950.0","3.68K","0.13%"
"Jan 08, 2019","3,985.0","3,980.0","4,095.0","3,925.0","4.17K","0.00%"
"Jan 07, 2019","3,985.0","3,990.0","4,070.0","3,945.0","2.76K","-1.06%"
"Jan 06, 2019","4,027.5","3,800.0","4,070.0","3,800.0","-","7.54%"
"Jan 04, 2019","3,745.0","3,755.0","3,875.0","3,690.0","3.92K","-0.40%"
"Jan 03, 2019","3,760.0","3,850.0","3,870.0","3,710.0","3.62K","-1.83%"
"Jan 02, 2019","3,830.0","3,720.0","3,855.0","3,685.0","3.23K","0.92%"
"Jan 01, 2019","3,795.0","3,650.0","3,810.0","3,605.0","-","3.97%"
"Dec 31, 2018","3,650.0","3,800.0","3,810.0","3,600.0","1.96K","-4.01%"
"Dec 30, 2018","3,802.5","3,805.0","3,812.5","3,777.5","-","2.53%"
"Dec 28, 2018","3,708.6","3,560.0","3,800.0","3,560.0","0.64K","4.03%"
"Dec 27, 2018","3,565.0","3,800.0","3,840.0","3,535.0","3.40K","-5.19%"
"Dec 26, 2018","3,760.0","3,775.0","3,850.0","3,610.0","2.75K","0.40%"
"Dec 25, 2018","3,745.0","4,070.0","4,070.0","3,417.5","-","-7.99%"
"Dec 24, 2018","4,070.0","3,950.0","4,265.0","3,925.0","2.42K","3.69%"
"Dec 23, 2018","3,925.0","3,935.0","3,937.5","3,912.5","-","3.97%"
"Dec 21, 2018","3,775.0","4,040.0","4,135.0","3,605.0","5.62K","-2.58%"
"Dec 20, 2018","3,875.0","3,675.0","4,150.0","3,635.0","4.83K","4.87%"
"Dec 19, 2018","3,695.0","3,550.0","3,890.0","3,550.0","5.00K","5.72%"
"Dec 18, 2018","3,495.0","3,475.0","3,560.0","3,425.0","3.42K","-0.99%"
"Dec 17, 2018","3,530.0","3,180.0","3,570.0","3,165.0","4.11K","11.36%"
"Dec 16, 2018","3,170.0","3,185.0","3,187.5","3,165.0","-","0.79%"
"Dec 14, 2018","3,145.0","3,235.0","3,265.0","3,120.0","3.05K","-2.18%"
"Dec 13, 2018","3,215.0","3,395.0","3,420.0","3,190.0","3.80K","-5.99%"
"Dec 12, 2018","3,420.0","3,345.0","3,470.0","3,305.0","2.67K","3.01%"
"Dec 11, 2018","3,320.0","3,380.0","3,405.0","3,265.0","1.99K","-1.63%"
"Dec 10, 2018","3,375.0","3,495.0","3,580.0","3,330.0","1.92K","2.27%"
"Dec 07, 2018","3,300.0","3,575.0","3,595.0","3,135.0","6.08K","-8.33%"
"Dec 06, 2018","3,600.0","3,670.0","3,960.0","3,360.0","5.77K","-2.83%"
"Dec 05, 2018","3,705.0","3,950.0","3,950.0","3,590.0","2.73K","-3.52%"
"Dec 04, 2018","3,840.0","3,905.0","4,015.0","3,690.0","3.06K","1.05%"
"Dec 03, 2018","3,800.0","4,090.0","4,130.0","3,690.0","3.38K","-6.52%"
"Dec 02, 2018","4,065.0","4,100.0","4,130.0","4,040.0","-","2.83%"
"Nov 30, 2018","3,953.0","4,215.0","4,280.0","3,870.0","0.72K","-5.43%"
"Nov 29, 2018","4,180.0","4,195.0","4,400.0","4,075.0","5.11K","-2.79%"
"Nov 28, 2018","4,300.0","3,790.0","4,365.0","3,750.0","6.79K","15.59%"
"Nov 27, 2018","3,720.0","3,635.0","3,790.0","3,550.0","6.13K","3.19%"
"Nov 26, 2018","3,605.0","3,965.0","4,055.0","3,515.0","8.90K","-8.27%"
"Nov 25, 2018","3,930.0","3,975.0","3,975.0","3,895.0","-","-6.21%"
"Nov 23, 2018","4,190.0","4,435.0","4,565.0","4,085.0","5.15K","-1.41%"
"Nov 22, 2018","4,250.0","4,520.0","4,565.0","4,225.0","-","-3.19%"
"Nov 21, 2018","4,390.0","4,230.0","4,620.0","4,165.0","6.54K","3.54%"
"Nov 20, 2018","4,240.0","4,740.0","4,870.0","4,015.0","12.83K","-12.31%"
"Nov 19, 2018","4,835.0","5,500.0","5,515.0","4,560.0","11.32K","-12.17%"
"Nov 18, 2018","5,505.0","5,500.0","5,515.0","5,475.0","-","1.01%"
"Nov 16, 2018","5,450.0","5,435.0","5,550.0","5,385.0","3.42K","0.46%"
"Nov 15, 2018","5,425.0","5,510.0","5,590.0","5,155.0","8.63K","1.12%"
"Nov 14, 2018","5,365.0","6,290.0","6,290.0","5,230.0","8.94K","-14.64%"
"Nov 13, 2018","6,285.0","6,315.0","6,325.0","6,225.0","2.53K","-0.63%"
"Nov 12, 2018","6,325.0","6,290.0","6,395.0","6,290.0","2.00K","-0.47%"
"Nov 11, 2018","6,355.0","6,295.0","6,365.0","6,295.0","-","0.32%"
"Nov 09, 2018","6,335.0","6,400.0","6,415.0","6,240.0","2.88K","-1.17%"
"Nov 08, 2018","6,410.0","6,510.0","6,525.0","6,370.0","4.42K","-1.54%"
"Nov 07, 2018","6,510.0","6,430.0","6,545.0","6,430.0","4.26K","1.48%"
"Nov 06, 2018","6,415.0","6,395.0","6,475.0","6,385.0","3.05K","0.39%"
"Nov 05, 2018","6,390.0","6,400.0","6,450.0","6,365.0","2.34K","-0.54%"
"Nov 04, 2018","6,425.0","6,335.0","6,450.0","6,335.0","-","1.26%"
"Nov 02, 2018","6,345.0","6,335.0","6,375.0","6,320.0","1.65K","0.48%"
"Nov 01, 2018","6,315.0","6,295.0","6,335.0","6,290.0","1.17K","0.32%"
"Oct 31, 2018","6,295.0","6,255.0","6,340.0","6,170.0","3.16K","0.80%"
"Oct 30, 2018","6,245.0","6,245.0","6,290.0","6,230.0","1.99K","0.08%"
"Oct 29, 2018","6,240.0","6,390.0","6,440.0","6,185.0","3.90K","-2.42%"
"Oct 28, 2018","6,395.0","6,390.0","6,420.0","6,385.0","-","0.05%"
"Oct 26, 2018","6,391.7","6,395.0","6,455.0","6,375.0","0.73K","-0.21%"
"Oct 25, 2018","6,405.0","6,420.0","6,420.0","6,315.0","2.49K","-0.31%"
"Oct 24, 2018","6,425.0","6,395.0","6,490.0","6,380.0","2.80K","0.47%"
"Oct 23, 2018","6,395.0","6,400.0","6,425.0","6,350.0","1.49K","0.00%"
"Oct 22, 2018","6,395.0","6,415.0","6,445.0","6,360.0","1.75K","0.24%"
"Oct 19, 2018","6,380.0","6,375.0","6,405.0","6,340.0","1.11K","-0.16%"
"Oct 18, 2018","6,390.0","6,430.0","6,480.0","6,330.0","2.76K","-0.47%"
"Oct 17, 2018","6,420.0","6,445.0","6,480.0","6,400.0","1.19K","0.00%"
"Oct 16, 2018","6,420.0","6,390.0","6,495.0","6,380.0","1.60K","0.47%"
"Oct 15, 2018","6,390.0","6,165.0","6,770.0","6,110.0","6.70K","3.82%"
"Oct 14, 2018","6,155.0","6,165.0","6,185.0","6,110.0","-","-0.49%"
"Oct 12, 2018","6,185.0","6,180.0","6,225.0","6,095.0","1.91K","0.08%"
"Oct 11, 2018","6,180.0","6,515.0","6,535.0","6,030.0","4.27K","-5.50%"
"Oct 10, 2018","6,540.0","6,580.0","6,590.0","6,450.0","1.70K","-0.61%"
"Oct 09, 2018","6,580.0","6,620.0","6,620.0","6,535.0","1.00K","-0.75%"
"Oct 08, 2018","6,630.0","6,530.0","6,675.0","6,515.0","1.78K","1.07%"
"Oct 07, 2018","6,560.0","6,530.0","6,590.0","6,515.0","-","0.46%"
"Oct 05, 2018","6,530.0","6,530.0","6,580.0","6,500.0","0.93K","-0.38%"
"Oct 04, 2018","6,555.0","6,415.0","6,610.0","6,405.0","1.70K","2.02%"
"Oct 03, 2018","6,425.0","6,510.0","6,520.0","6,345.0","1.36K","-1.31%"
"Oct 02, 2018","6,510.0","6,550.0","6,585.0","6,435.0","1.13K","-0.46%"
"Oct 01, 2018","6,540.0","6,560.0","6,625.0","6,455.0","1.48K","-0.76%"
"Sep 30, 2018","6,590.0","6,560.0","6,605.0","6,560.0","-","-0.38%"
"Sep 28, 2018","6,615.0","6,685.0","6,795.0","6,520.0","-","-0.60%"
"Sep 27, 2018","6,655.0","6,460.0","6,745.0","6,415.0","3.09K","2.62%"
"Sep 26, 2018","6,485.0","6,385.0","6,535.0","6,365.0","3.38K","2.05%"
"Sep 25, 2018","6,355.0","6,605.0","6,605.0","6,315.0","3.39K","-3.86%"
"Sep 24, 2018","6,610.0","6,665.0","6,720.0","6,555.0","2.08K","-1.49%"
"Sep 23, 2018","6,710.0","6,680.0","6,710.0","6,680.0","-","-0.45%"
"Sep 21, 2018","6,740.0","6,470.0","6,775.0","6,455.0","3.63K","5.31%"
"Sep 20, 2018","6,400.0","6,365.0","6,435.0","6,310.0","1.37K","0.39%"
"Sep 19, 2018","6,375.0","6,305.0","6,535.0","6,035.0","3.04K","1.59%"
"Sep 18, 2018","6,275.0","6,210.0","6,370.0","6,180.0","1.11K","0.72%"
"Sep 17, 2018","6,230.0","6,470.0","6,525.0","6,165.0","2.34K","-4.08%"
"Sep 16, 2018","6,495.0","6,470.0","6,495.0","6,465.0","-","-0.46%"
"Sep 14, 2018","6,525.0","6,450.0","6,575.0","6,330.0","2.09K","1.40%"
"Sep 13, 2018","6,435.0","6,295.0","6,525.0","6,295.0","2.35K","2.31%"
"Sep 12, 2018","6,290.0","6,270.0","6,335.0","6,175.0","1.58K","0.96%"
"Sep 11, 2018","6,230.0","6,260.0","6,385.0","6,120.0","1.86K","-0.56%"
"Sep 10, 2018","6,265.0","6,340.0","6,350.0","6,175.0","1.94K","0.72%"
"Sep 09, 2018","6,220.0","6,345.0","6,350.0","6,175.0","-","-2.66%"
"Sep 07, 2018","6,390.0","6,410.0","6,505.0","6,280.0","2.48K","-0.62%"
"Sep 06, 2018","6,430.0","6,925.0","6,925.0","6,215.0","5.80K","-6.81%"
"Sep 05, 2018","6,900.0","7,355.0","7,395.0","6,840.0","4.59K","-6.12%"
"Sep 04, 2018","7,350.0","7,260.0","7,410.0","7,190.0","5.31K","1.24%"
"Sep 03, 2018","7,260.0","7,290.0","7,325.0","7,190.0","-","-0.41%"
"Sep 02, 2018","7,290.0","7,275.0","7,295.0","7,240.0","-","3.70%"
"Aug 31, 2018","7,030.0","6,980.0","7,090.0","6,870.0","-","3.15%"
"Aug 30, 2018","6,815.0","7,045.0","7,055.0","6,795.0","4.78K","-2.64%"
"Aug 29, 2018","7,000.0","7,100.0","7,120.0","6,890.0","3.90K","-1.27%"
"Aug 28, 2018","7,090.0","6,720.0","7,125.0","6,715.0","5.22K","5.35%"
"Aug 27, 2018","6,730.0","6,655.0","6,760.0","6,650.0","2.40K","0.98%"
"Aug 26, 2018","6,665.0","6,655.0","6,665.0","6,655.0","-","0.76%"
"Aug 24, 2018","6,615.0","6,460.0","6,640.0","6,450.0","2.66K","3.28%"
"Aug 23, 2018","6,405.0","6,350.0","6,465.0","6,225.0","3.55K","0.00%"
"Aug 22, 2018","6,405.0","6,440.0","6,870.0","6,250.0","5.38K","-0.31%"
"Aug 21, 2018","6,425.0","6,395.0","6,470.0","6,205.0","3.32K","-0.08%"
"Aug 20, 2018","6,430.0","6,490.0","6,515.0","6,360.0","2.38K","-0.54%"
"Aug 19, 2018","6,465.0","6,480.0","6,480.0","6,465.0","-","-0.23%"
"Aug 17, 2018","6,480.0","6,265.0","6,545.0","6,245.0","4.29K","1.17%"
"Aug 16, 2018","6,405.0","6,400.0","6,475.0","6,185.0","4.38K","0.47%"
"Aug 15, 2018","6,375.0","6,105.0","6,600.0","6,075.0","6.99K","4.94%"
"Aug 14, 2018","6,075.0","6,240.0","6,280.0","5,850.0","6.90K","-2.49%"
"Aug 13, 2018","6,230.0","6,405.0","6,555.0","6,135.0","7.80K","-1.27%"
"Aug 12, 2018","6,310.0","6,405.0","6,430.0","6,290.0","-","-1.25%"
"Aug 10, 2018","6,390.0","6,555.0","6,605.0","6,105.0","6.44K","-1.08%"
"Aug 09, 2018","6,460.0","6,300.0","6,545.0","6,170.0","6.83K","2.05%"
"Aug 08, 2018","6,330.0","6,765.0","6,785.0","6,105.0","8.10K","-9.44%"
"Aug 07, 2018","6,990.0","6,845.0","7,155.0","6,825.0","5.04K","1.01%"
"Aug 06, 2018","6,920.0","7,080.0","7,140.0","6,870.0","5.12K","-1.49%"
"Aug 05, 2018","7,025.0","7,070.0","7,070.0","7,020.0","-","-4.68%"
"Aug 03, 2018","7,370.0","7,525.0","7,560.0","7,270.0","5.70K","-2.06%"
"Aug 02, 2018","7,525.0","7,460.0","7,700.0","7,430.0","5.55K","-0.27%"
"Aug 01, 2018","7,545.0","7,695.0","7,760.0","7,440.0","9.13K","-2.39%"
"Jul 31, 2018","7,730.0","8,120.0","8,200.0","7,640.0","9.42K","-4.57%"
"Jul 30, 2018","8,100.0","8,140.0","8,265.0","7,845.0","8.14K","-1.16%"
"Jul 29, 2018","8,195.0","8,140.0","8,255.0","8,140.0","-","2.95%"
"Jul 27, 2018","7,960.0","7,960.0","8,030.0","7,790.0","0.96K","-3.81%"
"Jul 26, 2018","8,275.0","8,260.0","8,310.0","8,115.0","6.29K","1.60%"
"Jul 25, 2018","8,145.0","8,255.0","8,490.0","8,025.0","11.55K","-1.39%"
"Jul 24, 2018","8,260.0","7,740.0","8,365.0","7,680.0","11.46K","6.79%"
"Jul 23, 2018","7,735.0","7,380.0","7,820.0","7,335.0","8.55K","4.67%"
"Jul 22, 2018","7,390.0","7,345.0","7,390.0","7,345.0","-","0.68%"
"Jul 20, 2018","7,340.0","7,435.0","7,700.0","7,270.0","6.98K","-1.48%"
"Jul 19, 2018","7,450.0","7,325.0","7,510.0","7,275.0","4.58K","0.74%"
"Jul 18, 2018","7,395.0","7,385.0","7,595.0","7,240.0","6.96K","1.23%"
"Jul 17, 2018","7,305.0","6,665.0","7,470.0","6,655.0","5.58K","9.44%"
"Jul 16, 2018","6,675.0","6,370.0","6,710.0","6,320.0","3.17K","5.28%"
"Jul 15, 2018","6,340.0","6,365.0","6,375.0","6,330.0","-","2.84%"
"Jul 13, 2018","6,165.0","6,160.0","6,340.0","6,060.0","3.56K","0.08%"
"Jul 12, 2018","6,160.0","6,355.0","6,365.0","6,110.0","3.08K","-2.69%"
"Jul 11, 2018","6,330.0","6,355.0","6,380.0","6,245.0","2.72K","-0.39%"
"Jul 10, 2018","6,355.0","6,695.0","6,785.0","6,295.0","3.08K","-5.08%"
"Jul 09, 2018","6,695.0","6,745.0","6,760.0","6,645.0","1.77K","-0.07%"
"Jul 08, 2018","6,700.0","6,745.0","6,760.0","6,670.0","-","2.06%"
"Jul 06, 2018","6,565.0","6,490.0","6,640.0","6,430.0","2.04K","0.92%"
"Jul 05, 2018","6,505.0","6,595.0","6,795.0","6,400.0","6.74K","-1.06%"
"Jul 04, 2018","6,575.0","6,490.0","6,785.0","6,400.0","-","-0.08%"
"Jul 03, 2018","6,580.0","6,645.0","6,660.0","6,530.0","1.63K","-0.68%"
"Jul 02, 2018","6,625.0","6,275.0","6,680.0","6,260.0","3.98K","4.33%"
"Jul 01, 2018","6,350.0","6,275.0","6,395.0","6,275.0","-","7.90%"
"Jun 29, 2018","5,885.0","5,840.0","5,930.0","5,765.0","-","-3.29%"
"Jun 28, 2018","6,085.0","6,140.0","6,180.0","6,025.0","1.96K","-1.22%"
"Jun 27, 2018","6,160.0","6,210.0","6,210.0","5,975.0","3.23K","0.00%"
"Jun 26, 2018","6,160.0","6,255.0","6,275.0","6,120.0","3.17K","-1.36%"
"Jun 25, 2018","6,245.0","6,150.0","6,345.0","6,065.0","4.76K","1.46%"
"Jun 24, 2018","6,155.0","6,150.0","6,155.0","6,105.0","-","-0.16%"
"Jun 22, 2018","6,165.0","6,705.0","6,735.0","5,960.0","3.83K","-8.12%"
"Jun 21, 2018","6,710.0","6,705.0","6,780.0","6,670.0","1.14K","-0.52%"
"Jun 20, 2018","6,745.0","6,705.0","6,815.0","6,545.0","2.11K","0.15%"
"Jun 19, 2018","6,735.0","6,710.0","6,840.0","6,650.0","1.56K","0.60%"
"Jun 18, 2018","6,695.0","6,495.0","6,785.0","6,340.0","2.79K","4.45%"
"Jun 17, 2018","6,410.0","6,495.0","6,495.0","6,400.0","-","-1.84%"
"Jun 15, 2018","6,530.0","6,670.0","6,670.0","6,440.0","2.49K","-1.58%"
"Jun 14, 2018","6,635.0","6,275.0","6,705.0","6,250.0","4.46K","5.82%"
"Jun 13, 2018","6,270.0","6,470.0","6,620.0","6,100.0","5.15K","-3.54%"
"Jun 12, 2018","6,500.0","6,770.0","6,890.0","6,425.0","3.88K","-3.70%"
"Jun 11, 2018","6,750.0","7,120.0","7,120.0","6,610.0","3.86K","0.15%"
"Jun 10, 2018","6,740.0","7,120.0","7,120.0","6,650.0","-","-11.95%"
"Jun 08, 2018","7,655.0","7,670.0","7,705.0","7,540.0","1.30K","-0.65%"
"Jun 07, 2018","7,705.0","7,695.0","7,780.0","7,640.0","1.44K","2.19%"
"Jun 06, 2018","7,540.0","7,605.0","7,695.0","7,485.0","1.45K","-1.11%"
"Jun 05, 2018","7,625.0","7,515.0","7,670.0","7,360.0","2.07K","1.67%"
"Jun 04, 2018","7,500.0","7,715.0","7,900.0","7,460.0","1.63K","-2.91%"
"Jun 03, 2018","7,725.0","7,735.0","7,890.0","7,715.0","-","3.83%"
"Jun 01, 2018","7,440.0","7,550.0","7,620.0","7,300.0","2.20K","-1.39%"
"May 31, 2018","7,545.0","7,335.0","7,660.0","7,335.0","2.10K","3.07%"
"May 30, 2018","7,320.0","7,505.0","7,620.0","7,270.0","2.47K","-2.33%"
"May 29, 2018","7,495.0","7,365.0","7,580.0","7,050.0","5.05K","5.56%"
"May 28, 2018","7,100.0","7,375.0","7,450.0","7,085.0","-","-3.73%"
"May 27, 2018","7,375.0","7,365.0","7,400.0","7,355.0","-","0.81%"
"May 25, 2018","7,315.4","7,315.4","7,315.4","7,315.4","-","-3.49%"
"May 24, 2018","7,580.0","7,620.0","7,720.0","7,230.0","4.43K","-0.13%"
"May 23, 2018","7,590.0","8,050.0","8,075.0","7,425.0","4.59K","-7.21%"
"May 22, 2018","8,180.0","8,345.0","8,420.0","8,070.0","2.34K","-2.33%"
"May 21, 2018","8,375.0","8,525.0","8,680.0","8,320.0","2.70K","-1.70%"
"May 20, 2018","8,520.0","8,215.0","8,680.0","8,215.0","-","3.52%"
"May 18, 2018","8,230.0","8,225.0","8,275.0","7,915.0","3.39K","0.61%"
"May 17, 2018","8,180.0","8,290.0","8,460.0","8,115.0","2.87K","-0.85%"
"May 16, 2018","8,250.0","8,475.0","8,545.0","8,115.0","4.98K","-3.57%"
"May 15, 2018","8,555.0","8,735.0","8,850.0","8,435.0","4.22K","-2.28%"
"May 14, 2018","8,755.0","8,660.0","8,900.0","8,285.0","5.75K","0.81%"
"May 13, 2018","8,685.0","8,660.0","8,755.0","8,660.0","-","0.70%"
"May 11, 2018","8,625.0","9,110.0","9,125.0","8,380.0","4.98K","-5.12%"
"May 10, 2018","9,090.0","9,255.0","9,415.0","9,040.0","3.06K","-2.05%"
"May 09, 2018","9,280.0","9,185.0","9,375.0","8,955.0","3.02K","0.49%"
"May 08, 2018","9,235.0","9,410.0","9,490.0","9,010.0","4.44K","-2.12%"
"May 07, 2018","9,435.0","9,605.0","9,705.0","9,160.0","4.71K","-2.53%"
"May 06, 2018","9,680.0","9,605.0","9,695.0","9,540.0","-","0.10%"
"May 04, 2018","9,670.0","9,710.0","9,840.0","9,540.0","3.76K","-0.05%"
"May 03, 2018","9,675.0","9,245.0","9,805.0","9,180.0","4.18K","5.74%"
"May 02, 2018","9,150.0","9,070.0","9,210.0","8,985.0","2.09K","1.84%"
"May 01, 2018","8,985.0","9,285.0","9,315.0","8,815.0","3.14K","-4.06%"
"Apr 30, 2018","9,365.0","9,375.0","9,495.0","9,140.0","3.00K","-0.69%"
"Apr 29, 2018","9,430.0","9,375.0","9,475.0","9,375.0","-","2.15%"
"Apr 27, 2018","9,231.1","9,130.0","9,375.0","9,115.0","0.91K","4.13%"
"Apr 26, 2018","8,865.0","9,170.0","9,185.0","8,635.0","4.92K","-1.17%"
"Apr 25, 2018","8,970.0","9,480.0","9,765.0","8,755.0","10.35K","-5.13%"
"Apr 24, 2018","9,455.0","8,965.0","9,465.0","8,920.0","4.68K","6.90%"
"Apr 23, 2018","8,845.0","8,910.0","9,015.0","8,775.0","2.95K","3.57%"
"Apr 20, 2018","8,540.0","8,300.0","8,585.0","8,235.0","2.32K","3.39%"
"Apr 19, 2018","8,260.0","8,190.0","8,315.0","8,100.0","2.72K","1.66%"
"Apr 18, 2018","8,125.0","7,870.0","8,240.0","7,860.0","2.83K","3.04%"
"Apr 17, 2018","7,885.0","8,015.0","8,180.0","7,805.0","2.68K","-1.19%"
"Apr 16, 2018","7,980.0","8,005.0","8,445.0","7,880.0","3.86K","-4.66%"
"Apr 15, 2018","8,370.0","8,005.0","8,400.0","8,005.0","-","3.27%"
"Apr 13, 2018","8,105.0","7,790.0","8,235.0","7,760.0","3.05K","5.53%"
"Apr 12, 2018","7,680.0","6,920.0","8,105.0","6,660.0","4.83K","10.98%"
"Apr 11, 2018","6,920.0","6,860.0","6,970.0","6,785.0","1.75K","1.17%"
"Apr 10, 2018","6,840.0","6,705.0","6,880.0","6,640.0","1.88K","2.47%"
"Apr 09, 2018","6,675.0","7,025.0","7,225.0","6,605.0","3.35K","-5.65%"
"Apr 08, 2018","7,075.0","7,025.0","7,095.0","7,025.0","-","6.71%"
"Apr 06, 2018","6,630.0","6,760.0","6,890.0","6,485.0","2.42K","-1.92%"
"Apr 05, 2018","6,760.0","6,790.0","6,925.0","6,550.0","4.57K","-1.46%"
"Apr 04, 2018","6,860.0","7,430.0","7,440.0","6,725.0","2.95K","-8.04%"
"Apr 03, 2018","7,460.0","6,975.0","7,520.0","6,965.0","2.27K","6.72%"
"Apr 02, 2018","6,990.0","6,905.0","7,150.0","6,775.0","3.54K","2.42%"
"Apr 01, 2018","6,825.0","6,905.0","6,905.0","6,775.0","-","-7.64%"
"Mar 29, 2018","7,389.9","7,885.0","7,995.0","7,345.0","1.10K","-6.16%"
"Mar 28, 2018","7,875.0","8,010.0","8,100.0","7,735.0","3.25K","-0.25%"
"Mar 27, 2018","7,895.0","7,880.0","8,270.0","7,760.0","3.74K","-0.19%"
"Mar 26, 2018","7,910.0","8,650.0","8,650.0","7,840.0","2.43K","-8.18%"
"Mar 23, 2018","8,615.0","8,650.0","8,770.0","8,270.0","2.90K","-0.17%"
"Mar 22, 2018","8,630.0","8,905.0","9,095.0","8,500.0","2.12K","-2.92%"
"Mar 21, 2018","8,890.0","8,990.0","9,185.0","8,775.0","1.83K","-0.61%"
"Mar 20, 2018","8,945.0","8,420.0","9,025.0","8,320.0","2.05K","6.49%"
"Mar 19, 2018","8,400.0","8,275.0","8,720.0","8,100.0","2.75K","2.56%"
"Mar 18, 2018","8,190.0","8,285.0","8,285.0","8,100.0","-","-4.27%"
"Mar 16, 2018","8,555.0","8,340.0","8,640.0","7,885.0","3.07K","3.89%"
"Mar 15, 2018","8,235.0","8,005.0","8,450.0","7,700.0","3.09K","-0.48%"
"Mar 14, 2018","8,275.0","8,905.0","9,395.0","8,185.0","2.64K","-8.77%"
"Mar 13, 2018","9,070.0","9,165.0","9,515.0","8,825.0","3.38K","1.80%"
"Mar 12, 2018","8,910.0","9,490.0","9,940.0","8,735.0","2.73K","-7.09%"
"Mar 11, 2018","9,590.0","9,490.0","9,690.0","9,480.0","-","6.38%"
"Mar 09, 2018","9,015.0","9,350.0","9,445.0","8,390.0","2.74K","-4.10%"
"Mar 08, 2018","9,400.0","9,970.0","10,100.0","9,105.0","2.52K","-3.98%"
"Mar 07, 2018","9,790.0","10,735.0","10,880.0","9,385.0","1.89K","-8.08%"
"Mar 06, 2018","10,650.0","11,595.0","11,655.0","10,570.0","1.58K","-8.31%"
"Mar 05, 2018","11,615.0","11,350.0","11,700.0","11,340.0","0.99K","0.74%"
"Mar 04, 2018","11,530.0","11,345.0","11,585.0","11,345.0","-","4.25%"
"Mar 02, 2018","11,060.0","11,035.0","11,215.0","10,760.0","0.75K","-0.05%"
"Mar 01, 2018","11,065.0","10,450.0","11,100.0","10,220.0","1.35K","3.95%"
"Feb 28, 2018","10,645.0","10,665.0","11,005.0","10,330.0","1.13K","-0.14%"
"Feb 27, 2018","10,660.0","10,285.0","10,875.0","10,100.0","0.76K","4.00%"
"Feb 26, 2018","10,250.0","9,680.0","10,390.0","9,270.0","0.75K","7.44%"
"Feb 25, 2018","9,540.0","9,680.0","9,685.0","9,540.0","-","-7.55%"
"Feb 23, 2018","10,319.4","9,975.0","10,360.0","9,590.0","0.30K","2.32%"
"Feb 22, 2018","10,085.0","10,505.0","10,900.0","9,710.0","1.17K","-2.75%"
"Feb 21, 2018","10,370.0","11,240.0","11,340.0","10,220.0","1.33K","-11.63%"
"Feb 20, 2018","11,735.0","10,350.0","11,760.0","10,315.0","2.08K","4.96%"
"Feb 19, 2018","11,180.0","10,380.0","11,255.0","10,315.0","-","7.71%"
"Feb 18, 2018","10,380.0","10,120.0","10,500.0","10,120.0","-","3.59%"
"Feb 16, 2018","10,020.0","10,090.0","10,265.0","9,675.0","1.10K","-0.69%"
"Feb 15, 2018","10,090.0","9,400.0","10,180.0","9,375.0","1.78K","8.61%"
"Feb 14, 2018","9,290.0","8,505.0","9,390.0","8,505.0","0.94K","6.78%"
"Feb 13, 2018","8,700.0","8,925.0","9,000.0","8,335.0","0.55K","-1.81%"
"Feb 12, 2018","8,860.0","8,380.0","8,920.0","8,075.0","0.68K","9.38%"
"Feb 11, 2018","8,100.0","8,380.0","8,380.0","8,075.0","-","-5.92%"
"Feb 09, 2018","8,610.0","8,165.0","8,770.0","7,715.0","0.76K","3.42%"
"Feb 08, 2018","8,325.0","7,790.0","8,690.0","7,645.0","0.91K","0.97%"
"Feb 07, 2018","8,245.0","7,620.0","8,540.0","7,235.0","1.38K","9.21%"
"Feb 06, 2018","7,550.0","6,850.0","7,920.0","5,970.0","2.23K","3.99%"
"Feb 05, 2018","7,260.0","8,305.0","8,315.0","6,870.0","2.19K","-10.81%"
"Feb 04, 2018","8,140.0","8,590.0","8,590.0","8,140.0","-","-5.18%"
"Feb 02, 2018","8,585.0","8,890.0","9,075.0","7,750.0","2.54K","-5.56%"
"Feb 01, 2018","9,090.0","10,020.0","10,175.0","8,480.0","1.49K","-9.10%"
"Jan 31, 2018","10,000.0","10,000.0","10,275.0","9,500.0","0.84K","0.60%"
"Jan 30, 2018","9,940.0","11,120.0","11,245.0","9,720.0","1.14K","-11.01%"
"Jan 29, 2018","11,170.0","11,510.0","11,775.0","10,970.0","0.46K","-4.65%"
"Jan 28, 2018","11,715.0","11,510.0","11,725.0","11,510.0","-","7.72%"
"Jan 26, 2018","10,875.0","11,105.0","11,620.0","10,250.0","-","-3.29%"
"Jan 25, 2018","11,245.0","11,090.0","11,710.0","10,830.0","0.77K","1.17%"
"Jan 24, 2018","11,115.0","10,790.0","11,455.0","10,435.0","0.84K","0.18%"
"Jan 23, 2018","11,095.0","10,625.0","11,350.0","9,865.0","1.24K","7.15%"
"Jan 22, 2018","10,355.0","11,300.0","11,830.0","9,955.0","1.14K","-9.13%"
"Jan 21, 2018","11,395.0","11,370.0","11,480.0","11,370.0","-","0.31%"
"Jan 19, 2018","11,360.0","11,335.0","12,030.0","10,990.0","0.98K","-3.85%"
"Jan 18, 2018","11,815.0","11,125.0","12,075.0","10,645.0","1.71K","7.95%"
"Jan 17, 2018","10,945.0","11,190.0","11,800.0","9,225.0","2.66K","-1.93%"
"Jan 16, 2018","11,160.0","13,600.0","14,280.0","11,160.0","2.55K","-17.27%"
"Jan 15, 2018","13,490.0","13,660.0","14,280.0","13,360.0","-","-1.24%"
"Jan 14, 2018","13,660.0","13,600.0","13,700.0","13,600.0","-","-2.04%"
"Jan 12, 2018","13,945.0","13,000.0","14,080.0","12,850.0","0.79K","4.18%"
"Jan 11, 2018","13,385.0","14,500.0","14,910.0","12,820.0","1.30K","-7.37%"
"Jan 10, 2018","14,450.0","14,405.0","14,720.0","13,480.0","0.89K","-2.03%"
"Jan 09, 2018","14,750.0","14,675.0","15,365.0","14,185.0","0.86K","-1.04%"
"Jan 08, 2018","14,905.0","16,425.0","16,455.0","13,870.0","0.96K","-8.22%"
"Jan 07, 2018","16,240.0","16,425.0","16,455.0","16,215.0","-","-2.11%"
"Jan 05, 2018","16,590.0","15,085.0","16,845.0","14,870.0","0.81K","11.34%"
"Jan 04, 2018","14,900.0","14,925.0","15,470.0","14,205.0","0.76K","-0.50%"
"Jan 03, 2018","14,975.0","14,900.0","15,450.0","14,650.0","0.72K","0.81%"
"Jan 02, 2018","14,855.0","13,955.0","15,245.0","13,080.0","0.73K","9.79%"
"Jan 01, 2018","13,530.0","13,955.0","13,955.0","13,490.0","-","-6.50%"
"Dec 29, 2017","14,470.0","13,965.0","15,005.0","13,835.0","1.08K","5.27%"
"Dec 28, 2017","13,745.0","15,150.0","15,280.0","13,360.0","0.75K","-6.43%"
"Dec 27, 2017","14,690.0","15,655.0","16,545.0","14,460.0","0.51K","-6.94%"
"Dec 26, 2017","15,785.0","13,900.0","16,100.0","13,700.0","0.41K","14.72%"
"Dec 25, 2017","13,760.0","13,900.0","13,900.0","13,730.0","-","-2.65%"
"Dec 22, 2017","14,135.0","15,595.0","15,825.0","12,265.0","2.37K","-7.80%"
"Dec 21, 2017","15,330.0","16,400.0","17,270.0","15,080.0","0.88K","-10.04%"
"Dec 20, 2017","17,040.0","17,745.0","18,350.0","16,435.0","0.78K","-6.37%"
"Dec 19, 2017","18,200.0","19,135.0","19,725.0","17,180.0","0.56K","-4.71%"
"Dec 18, 2017","19,100.0","20,650.0","20,650.0","18,345.0","1.05K","-2.53%"
"Dec 17, 2017","19,595.0","20,650.0","20,650.0","19,315.0","-","8.26%"
"Dec 15, 2017","18,100.0","18,100.0","18,100.0","18,100.0","-","7.29%"
"Dec 14, 2017","16,870.0","16,870.0","16,870.0","16,870.0","-","-4.09%"
"Dec 13, 2017","17,590.0","17,590.0","17,590.0","17,590.0","-","1.79%"
"Dec 12, 2017","17,280.0","17,280.0","17,280.0","17,280.0","-","2.92%"
"Dec 11, 2017","16,790.0","16,790.0","16,790.0","16,790.0","-","8.88%"
"Dec 08, 2017","15,420.0","15,420.0","15,420.0","15,420.0","-","516.80%"
"Dec 07, 2017","2,500.0","2,500.0","2,500.0","2,500.0","-","0.00%"
"Dec 06, 2017","2,500.0","2,500.0","2,500.0","2,500.0","-","0.00%"
"Dec 05, 2017","2,500.0","2,500.0","2,500.0","2,500.0","-","0.00%"
"Dec 04, 2017","2,500.0","2,500.0","2,500.0","2,500.0","-","0.00%"
"Dec 01, 2017","2,500.0","2,500.0","2,500.0","2,500.0","-","0.00%"
"Nov 30, 2017","2,500.0","2,500.0","2,500.0","2,500.0","-","0.00%"
"Nov 29, 2017","2,500.0","2,500.0","2,500.0","2,500.0","-","0.00%"
"Nov 28, 2017","2,500.0","2,500.0","2,500.0","2,500.0","-","0.00%"
"Nov 27, 2017","2,500.0","2,500.0","2,500.0","2,500.0","-","0.00%"
"Nov 24, 2017","2,500.0","2,500.0","2,500.0","2,500.0","-","0.00%"
"Nov 23, 2017","2,500.0","2,500.0","2,500.0","2,500.0","-","0.00%"
"Nov 22, 2017","2,500.0","2,500.0","2,500.0","2,500.0","-","0.00%"
"Nov 21, 2017","2,500.0","2,500.0","2,500.0","2,500.0","-","0.00%"
"Nov 20, 2017","2,500.0","2,500.0","2,500.0","2,500.0","-","0.00%"
"Nov 17, 2017","2,500.0","2,500.0","2,500.0","2,500.0","-","0.00%"
"Nov 16, 2017","2,500.0","2,500.0","2,500.0","2,500.0","-","0.00%"
"Nov 14, 2017","2,500.0","2,500.0","2,500.0","2,500.0","-","0.00%"
"Nov 13, 2017","2,500.0","2,500.0","2,500.0","2,500.0","-","0.00%"
"Nov 10, 2017","2,500.0","2,500.0","2,500.0","2,500.0","-","0.00%"
"Nov 09, 2017","2,500.0","2,500.0","2,500.0","2,500.0","-","0.00%"
"Nov 08, 2017","2,500.0","2,500.0","2,500.0","2,500.0","-","0.00%"
"Nov 07, 2017","2,500.0","2,500.0","2,500.0","2,500.0","-","0.00%"
"Nov 06, 2017","2,500.0","2,500.0","2,500.0","2,500.0","-","0.00%"
"Nov 03, 2017","2,500.0","2,500.0","2,500.0","2,500.0","-","0.00%"
"Nov 02, 2017","2,500.0","2,500.0","2,500.0","2,500.0","-","0.00%"
"Nov 01, 2017","2,500.0","2,500.0","2,500.0","2,500.0","-","0.00%"
"Oct 31, 2017","2,500.0","2,500.0","2,500.0","2,500.0","-","0.00%"
"Oct 30, 2017","2,500.0","2,500.0","2,500.0","2,500.0","-","0.00%"
"Oct 27, 2017","2,500.0","2,500.0","2,500.0","2,500.0","-","0.00%"
"Oct 26, 2017","2,500.0","2,500.0","2,500.0","2,500.0","-","0.00%"
"Oct 25, 2017","2,500.0","2,500.0","2,500.0","2,500.0","-","0.00%"
"Oct 24, 2017","2,500.0","2,500.0","2,500.0","2,500.0","-","0.00%"
"Oct 23, 2017","2,500.0","2,500.0","2,500.0","2,500.0","-","0.00%"
"Oct 20, 2017","2,500.0","2,500.0","2,500.0","2,500.0","-","0.00%"
"Oct 19, 2017","2,500.0","2,500.0","2,500.0","2,500.0","-","0.00%"
"Oct 18, 2017","2,500.0","2,500.0","2,500.0","2,500.0","-","0.00%"
"Oct 17, 2017","2,500.0","2,500.0","2,500.0","2,500.0","-","0.00%"
"Oct 13, 2017","2,500.0","2,500.0","2,500.0","2,500.0","-","0.00%"
"Oct 12, 2017","2,500.0","2,500.0","2,500.0","2,500.0","-","0.00%"
"Oct 11, 2017","2,500.0","2,500.0","2,500.0","2,500.0","-","0.00%"
"Oct 10, 2017","2,500.0","2,500.0","2,500.0","2,500.0","-","0.00%"
"Oct 09, 2017","2,500.0","2,500.0","2,500.0","2,500.0","-","0.00%"
"Oct 06, 2017","2,500.0","2,500.0","2,500.0","2,500.0","-","0.00%"
"Oct 05, 2017","2,500.0","2,500.0","2,500.0","2,500.0","-","0.00%"
"Oct 04, 2017","2,500.0","2,500.0","2,500.0","2,500.0","-","0.00%"
"Oct 03, 2017","2,500.0","2,500.0","2,500.0","2,500.0","-","0.00%"
"Oct 02, 2017","2,500.0","2,500.0","2,500.0","2,500.0","-","0.00%"
"Sep 29, 2017","2,500.0","2,500.0","2,500.0","2,500.0","-","0.00%"
"Sep 28, 2017","2,500.0","2,500.0","2,500.0","2,500.0","-","0.00%"
"Sep 27, 2017","2,500.0","2,500.0","2,500.0","2,500.0","-","0.00%"
"Sep 26, 2017","2,500.0","2,500.0","2,500.0","2,500.0","-","0.00%"
"Sep 25, 2017","2,500.0","2,500.0","2,500.0","2,500.0","-","0.00%"
"Sep 22, 2017","2,500.0","2,500.0","2,500.0","2,500.0","-","0.00%"
"Sep 21, 2017","2,500.0","2,500.0","2,500.0","2,500.0","-","0.00%"
"Sep 20, 2017","2,500.0","2,500.0","2,500.0","2,500.0","-","0.00%"
"Sep 19, 2017","2,500.0","2,500.0","2,500.0","2,500.0","-","0.00%"
"Sep 18, 2017","2,500.0","2,500.0","2,500.0","2,500.0","-","97.63%"
"Sep 15, 2017","1,265.0","1,265.0","1,265.0","1,265.0","-","15.00%"
"Sep 14, 2017","1,100.0","1,100.0","1,100.0","1,100.0","-","0.00%"
"Sep 13, 2017","1,100.0","1,100.0","1,100.0","1,100.0","-","0.00%"
"Sep 12, 2017","1,100.0","1,100.0","1,100.0","1,100.0","-","0.00%"
"Sep 11, 2017","1,100.0","1,100.0","1,100.0","1,100.0","-","0.00%"
"Sep 08, 2017","1,100.0","1,100.0","1,100.0","1,100.0","-","0.00%"
"Sep 07, 2017","1,100.0","1,100.0","1,100.0","1,100.0","-","0.00%"
"Sep 06, 2017","1,100.0","1,100.0","1,100.0","1,100.0","-","0.00%"
"Sep 05, 2017","1,100.0","1,100.0","1,100.0","1,100.0","-","0.00%"
"Sep 04, 2017","1,100.0","1,100.0","1,100.0","1,100.0","-","0.00%"
"Sep 01, 2017","1,100.0","1,100.0","1,100.0","1,100.0","-","0.00%"
"Aug 31, 2017","1,100.0","1,100.0","1,100.0","1,100.0","-","0.00%"
"Aug 30, 2017","1,100.0","1,100.0","1,100.0","1,100.0","-","0.00%"
"Aug 29, 2017","1,100.0","1,100.0","1,100.0","1,100.0","-","0.00%"
"Aug 28, 2017","1,100.0","1,100.0","1,100.0","1,100.0","-","0.00%"
"Aug 23, 2017","1,100.0","1,100.0","1,100.0","1,100.0","-","0.00%"
"Aug 22, 2017","1,100.0","1,100.0","1,100.0","1,100.0","-","0.00%"
"Aug 21, 2017","1,100.0","1,100.0","1,100.0","1,100.0","-","0.00%"
"Aug 18, 2017","1,100.0","1,100.0","1,100.0","1,100.0","-","0.00%"
"Aug 17, 2017","1,100.0","1,100.0","1,100.0","1,100.0","-","0.00%"
"Aug 16, 2017","1,100.0","1,100.0","1,100.0","1,100.0","-","0.00%"
"Aug 14, 2017","1,100.0","1,100.0","1,100.0","1,100.0","-","0.00%"
"Aug 11, 2017","1,100.0","1,100.0","1,100.0","1,100.0","-","0.00%"
"Aug 10, 2017","1,100.0","1,100.0","1,100.0","1,100.0","-","0.00%"
"Aug 09, 2017","1,100.0","1,100.0","1,100.0","1,100.0","-","0.00%"
"Aug 08, 2017","1,100.0","1,100.0","1,100.0","1,100.0","-","0.00%"
"Aug 07, 2017","1,100.0","1,100.0","1,100.0","1,100.0","-","0.00%"
"Aug 04, 2017","1,100.0","1,100.0","1,100.0","1,100.0","-","0.00%"
"Aug 03, 2017","1,100.0","1,100.0","1,100.0","1,100.0","-","0.00%"
"Aug 02, 2017","1,100.0","1,100.0","1,100.0","1,100.0","-","0.00%"
"Aug 01, 2017","1,100.0","1,100.0","1,100.0","1,100.0","-","0.00%"
"Jul 31, 2017","1,100.0","1,100.0","1,100.0","1,100.0","-","0.00%"
"Jul 28, 2017","1,100.0","1,100.0","1,100.0","1,100.0","-","0.00%"
"Jul 27, 2017","1,100.0","1,100.0","1,100.0","1,100.0","-","0.00%"
"Jul 26, 2017","1,100.0","1,100.0","1,100.0","1,100.0","-","0.00%"
"Jul 25, 2017","1,100.0","1,100.0","1,100.0","1,100.0","-","0.00%"
"Jul 24, 2017","1,100.0","1,100.0","1,100.0","1,100.0","-","0.00%"
"Jul 21, 2017","1,100.0","1,100.0","1,100.0","1,100.0","-","0.00%"
"Jul 20, 2017","1,100.0","1,100.0","1,100.0","1,100.0","-","0.00%"
"Jul 19, 2017","1,100.0","1,100.0","1,100.0","1,100.0","-","0.00%"
"Jul 18, 2017","1,100.0","1,100.0","1,100.0","1,100.0","-","0.00%"
"Jul 17, 2017","1,100.0","1,100.0","1,100.0","1,100.0","-","0.00%"
"Jul 14, 2017","1,100.0","1,100.0","1,100.0","1,100.0","-","0.00%"
"Jul 13, 2017","1,100.0","1,100.0","1,100.0","1,100.0","-","0.00%"
"Jul 12, 2017","1,100.0","1,100.0","1,100.0","1,100.0","-","0.00%"
"Jul 11, 2017","1,100.0","1,100.0","1,100.0","1,100.0","-","0.00%"
"Jul 10, 2017","1,100.0","1,100.0","1,100.0","1,100.0","-","0.00%"
"Jul 07, 2017","1,100.0","1,100.0","1,100.0","1,100.0","-","0.00%"
"Jul 06, 2017","1,100.0","1,100.0","1,100.0","1,100.0","-","0.00%"
"Jul 05, 2017","1,100.0","1,100.0","1,100.0","1,100.0","-","0.00%"
"Jul 04, 2017","1,100.0","1,100.0","1,100.0","1,100.0","-","0.00%"
"Jul 03, 2017","1,100.0","1,100.0","1,100.0","1,100.0","-","0.00%"
"Jun 30, 2017","1,100.0","1,100.0","1,100.0","1,100.0","-","0.00%"
"Jun 29, 2017","1,100.0","1,100.0","1,100.0","1,100.0","-","0.00%"
"Jun 27, 2017","1,100.0","1,100.0","1,100.0","1,100.0","-","0.00%"
"Jun 26, 2017","1,100.0","1,100.0","1,100.0","1,100.0","-","0.00%"
"Jun 23, 2017","1,100.0","1,100.0","1,100.0","1,100.0","-","0.00%"
"Jun 22, 2017","1,100.0","1,100.0","1,100.0","1,100.0","-","0.00%"
"Jun 21, 2017","1,100.0","1,100.0","1,100.0","1,100.0","-","0.00%"
"Jun 20, 2017","1,100.0","1,100.0","1,100.0","1,100.0","-","0.00%"
"Jun 19, 2017","1,100.0","1,100.0","1,100.0","1,100.0","-","0.00%"
"Jun 16, 2017","1,100.0","1,100.0","1,100.0","1,100.0","-","-55.05%"
"Jun 15, 2017","2,447.0","2,447.0","2,447.0","2,447.0","-","175.56%"
"Jun 14, 2017","888.0","888.0","888.0","888.0","-","0.00%"
"Jun 13, 2017","888.0","888.0","888.0","888.0","-","0.00%"
"Jun 12, 2017","888.0","888.0","888.0","888.0","-","0.00%"
"Jun 09, 2017","888.0","888.0","888.0","888.0","-","0.00%"
"Jun 08, 2017","888.0","888.0","888.0","888.0","-","0.00%"
"Jun 07, 2017","888.0","888.0","888.0","888.0","-","0.00%"
"Jun 06, 2017","888.0","888.0","888.0","888.0","-","0.00%"
"Jun 02, 2017","888.0","888.0","888.0","888.0","-","0.00%"
"Jun 01, 2017","888.0","888.0","888.0","888.0","-","0.00%"
"May 31, 2017","888.0","888.0","888.0","888.0","-","0.00%"
"May 30, 2017","888.0","888.0","888.0","888.0","-","0.00%"
"May 29, 2017","888.0","888.0","888.0","888.0","-","0.00%"
"May 26, 2017","888.0","888.0","888.0","888.0","-","0.00%"
"May 25, 2017","888.0","888.0","888.0","888.0","-","0.00%"
"May 24, 2017","888.0","888.0","888.0","888.0","-","0.00%"
"May 23, 2017","888.0","888.0","888.0","888.0","-","0.00%"
"May 22, 2017","888.0","888.0","888.0","888.0","-","0.00%"
"May 19, 2017","888.0","888.0","888.0","888.0","-","0.00%"
"May 18, 2017","888.0","888.0","888.0","888.0","-","0.00%"
"May 17, 2017","888.0","888.0","888.0","888.0","-","0.00%"
"May 16, 2017","888.0","888.0","888.0","888.0","-","0.00%"
"May 15, 2017","888.0","888.0","888.0","888.0","-","0.00%"
"May 12, 2017","888.0","888.0","888.0","888.0","-","0.00%"
"May 11, 2017","888.0","888.0","888.0","888.0","-","0.00%"
"May 10, 2017","888.0","888.0","888.0","888.0","-","0.00%"
"May 05, 2017","888.0","888.0","888.0","888.0","-","0.00%"
"May 04, 2017","888.0","888.0","888.0","888.0","-","0.00%"
"May 03, 2017","888.0","888.0","888.0","888.0","-","0.00%"
"Apr 28, 2017","888.0","888.0","888.0","888.0","-","0.00%"
"Apr 27, 2017","888.0","888.0","888.0","888.0","-","0.00%"
"Apr 26, 2017","888.0","888.0","888.0","888.0","-","0.00%"
"Apr 25, 2017","888.0","888.0","888.0","888.0","-","0.00%"
"Apr 24, 2017","888.0","888.0","888.0","888.0","-","0.00%"
"Apr 21, 2017","888.0","888.0","888.0","888.0","-","0.00%"
"Apr 20, 2017","888.0","888.0","888.0","888.0","-","0.00%"
"Apr 19, 2017","888.0","888.0","888.0","888.0","-","0.00%"
"Apr 18, 2017","888.0","888.0","888.0","888.0","-","0.00%"
"Apr 14, 2017","888.0","888.0","888.0","888.0","-","0.00%"
"Apr 13, 2017","888.0","888.0","888.0","888.0","-","0.00%"
"Apr 12, 2017","888.0","888.0","888.0","888.0","-","0.00%"
"Apr 11, 2017","888.0","888.0","888.0","888.0","-","0.00%"
"Apr 10, 2017","888.0","888.0","888.0","888.0","-","0.00%"
"Apr 07, 2017","888.0","888.0","888.0","888.0","-","0.00%"
"Apr 06, 2017","888.0","888.0","888.0","888.0","-","0.00%"
"Apr 05, 2017","888.0","888.0","888.0","888.0","-","0.00%"
"Apr 04, 2017","888.0","888.0","888.0","888.0","-","0.00%"
"Apr 03, 2017","888.0","888.0","888.0","888.0","-","0.00%"
"Mar 31, 2017","888.0","888.0","888.0","888.0","-","0.00%"
"Mar 30, 2017","888.0","888.0","888.0","888.0","-","0.00%"
"Mar 29, 2017","888.0","888.0","888.0","888.0","-","0.00%"
"Mar 28, 2017","888.0","888.0","888.0","888.0","-","0.00%"
"Mar 27, 2017","888.0","888.0","888.0","888.0","-","0.00%"
"Mar 24, 2017","888.0","888.0","888.0","888.0","-","0.00%"
"Mar 23, 2017","888.0","888.0","888.0","888.0","-","0.00%"
"Mar 22, 2017","888.0","888.0","888.0","888.0","-","0.00%"
"Mar 21, 2017","888.0","888.0","888.0","888.0","-","0.00%"
"Mar 20, 2017","888.0","888.0","888.0","888.0","-","0.00%"
"Mar 17, 2017","888.0","888.0","888.0","888.0","-","0.00%"
"Mar 16, 2017","888.0","888.0","888.0","888.0","-","-16.16%"
"Mar 14, 2017","1,059.2","1,059.2","1,059.2","1,059.2","0.00K","15.01%"
"Mar 13, 2017","921.0","921.0","921.0","921.0","-","0.00%"
"Mar 10, 2017","921.0","921.0","921.0","921.0","-","0.00%"
"Mar 09, 2017","921.0","921.0","921.0","921.0","-","0.00%"
"Mar 07, 2017","921.0","921.0","921.0","921.0","-","0.00%"
"Mar 06, 2017","921.0","921.0","921.0","921.0","-","0.00%"
"Mar 03, 2017","921.0","921.0","921.0","921.0","-","0.00%"
"Mar 02, 2017","921.0","921.0","921.0","921.0","-","0.00%"
"Mar 01, 2017","921.0","921.0","921.0","921.0","-","0.00%"
"Feb 28, 2017","921.0","921.0","921.0","921.0","-","0.00%"
"Feb 27, 2017","921.0","921.0","921.0","921.0","-","0.00%"
"Feb 24, 2017","921.0","921.0","921.0","921.0","-","0.00%"
"Feb 23, 2017","921.0","921.0","921.0","921.0","-","0.00%"